regime,retained_%,dropped_%,dropped_n
late_descent,32.1060382916053,0.0,0.0
normal,48.15905743740795,0.0,0.0
overdue,19.734904270986746,100.0,70.0
