fold,arm,own_tau,date,station_code,price,litres,spend_cents,emergency
1,always_buy,,2021-11-05,414,179.9,25.0,4497.5,False
1,always_buy,,2021-11-12,414,177.9,25.0,4447.5,False
1,always_buy,,2021-11-19,414,154.9,25.0,3872.5,False
1,always_buy,,2021-11-26,414,189.9,25.0,4747.5,False
1,always_buy,,2021-12-03,414,189.9,25.0,4747.5,False
1,always_buy,,2021-12-10,414,187.9,25.0,4697.5,False
1,always_buy,,2021-12-17,414,187.9,25.0,4697.5,False
1,always_buy,,2021-12-24,414,183.9,25.0,4597.5,False
1,always_buy,,2021-12-31,414,167.9,25.0,4197.5,False
1,always_buy,,2022-01-07,414,167.9,25.0,4197.5,False
1,always_buy,,2022-01-14,414,187.9,25.0,4697.5,False
1,always_buy,,2022-01-21,414,187.9,25.0,4697.5,False
1,always_buy,,2022-01-28,414,182.9,25.0,4572.5,False
1,always_buy,,2021-11-05,18517,179.9,25.0,4497.5,False
1,always_buy,,2021-11-12,18517,177.9,25.0,4447.5,False
1,always_buy,,2021-11-19,18517,155.9,25.0,3897.5,False
1,always_buy,,2021-11-26,18517,189.9,25.0,4747.5,False
1,always_buy,,2021-12-03,18517,187.9,25.0,4697.5,False
1,always_buy,,2021-12-10,18517,187.9,25.0,4697.5,False
1,always_buy,,2021-12-17,18517,187.9,25.0,4697.5,False
1,always_buy,,2021-12-24,18517,169.9,25.0,4247.5,False
1,always_buy,,2021-12-31,18517,167.9,25.0,4197.5,False
1,always_buy,,2022-01-07,18517,167.9,25.0,4197.5,False
1,always_buy,,2022-01-14,18517,187.9,25.0,4697.5,False
1,always_buy,,2022-01-21,18517,187.9,25.0,4697.5,False
1,always_buy,,2022-01-28,18517,182.9,25.0,4572.5,False
1,always_buy,,2021-11-05,429,165.9,25.0,4147.5,False
1,always_buy,,2021-11-12,429,157.9,25.0,3947.5,False
1,always_buy,,2021-11-19,429,154.9,25.0,3872.5,False
1,always_buy,,2021-11-26,429,151.9,25.0,3797.5,False
1,always_buy,,2021-12-03,429,185.9,25.0,4647.5,False
1,always_buy,,2021-12-10,429,185.9,25.0,4647.5,False
1,always_buy,,2021-12-17,429,173.9,25.0,4347.5,False
1,always_buy,,2021-12-24,429,167.9,25.0,4197.5,False
1,always_buy,,2021-12-31,429,165.9,25.0,4147.5,False
1,always_buy,,2022-01-07,429,163.9,25.0,4097.5,False
1,always_buy,,2022-01-14,429,187.9,25.0,4697.5,False
1,always_buy,,2022-01-21,429,187.5,25.0,4687.5,False
1,always_buy,,2022-01-28,429,169.7,25.0,4242.5,False
1,always_buy,,2021-11-05,585,165.9,25.0,4147.5,False
1,always_buy,,2021-11-12,585,150.5,25.0,3762.5,False
1,always_buy,,2021-11-19,585,148.5,25.0,3712.5,False
1,always_buy,,2021-11-26,585,145.9,25.0,3647.5,False
1,always_buy,,2021-12-03,585,187.9,25.0,4697.5,False
1,always_buy,,2021-12-10,585,187.9,25.0,4697.5,False
1,always_buy,,2021-12-17,585,168.9,25.0,4222.5,False
1,always_buy,,2021-12-24,585,167.9,25.0,4197.5,False
1,always_buy,,2021-12-31,585,159.9,25.0,3997.5,False
1,always_buy,,2022-01-07,585,159.9,25.0,3997.5,False
1,always_buy,,2022-01-14,585,187.9,25.0,4697.5,False
1,always_buy,,2022-01-21,585,187.9,25.0,4697.5,False
1,always_buy,,2022-01-28,585,167.9,25.0,4197.5,False
1,always_buy,,2021-11-05,261,151.4,25.0,3785.0,False
1,always_buy,,2021-11-12,261,150.9,25.0,3772.5,False
1,always_buy,,2021-11-19,261,145.9,25.0,3647.5,False
1,always_buy,,2021-11-26,261,145.9,25.0,3647.5,False
1,always_buy,,2021-12-03,261,187.9,25.0,4697.5,False
1,always_buy,,2021-12-10,261,185.9,25.0,4647.5,False
1,always_buy,,2021-12-17,261,167.9,25.0,4197.5,False
1,always_buy,,2021-12-24,261,159.9,25.0,3997.5,False
1,always_buy,,2021-12-31,261,159.9,25.0,3997.5,False
1,always_buy,,2022-01-07,261,159.9,25.0,3997.5,False
1,always_buy,,2022-01-14,261,187.9,25.0,4697.5,False
1,always_buy,,2022-01-21,261,187.9,25.0,4697.5,False
1,always_buy,,2022-01-28,261,167.9,25.0,4197.5,False
1,R0_54,0.25,2021-11-12,414,177.9,25.0,4447.5,True
1,R0_54,0.25,2021-11-19,414,154.9,50.0,7745.0,False
1,R0_54,0.25,2021-12-03,414,189.9,25.0,4747.5,True
1,R0_54,0.25,2021-12-10,414,187.9,25.0,4697.5,True
1,R0_54,0.25,2021-12-17,414,187.9,25.0,4697.5,True
1,R0_54,0.25,2021-12-24,414,183.9,25.0,4597.5,True
1,R0_54,0.25,2021-12-31,414,167.9,50.0,8395.0,False
1,R0_54,0.25,2022-01-07,414,167.9,25.0,4197.5,False
1,R0_54,0.25,2022-01-21,414,187.9,25.0,4697.5,True
1,R0_54,0.25,2022-01-28,414,182.9,25.0,4572.5,True
1,R0_54,0.25,2021-11-12,18517,177.9,25.0,4447.5,True
1,R0_54,0.25,2021-11-19,18517,155.9,50.0,7795.0,False
1,R0_54,0.25,2021-12-03,18517,187.9,25.0,4697.5,True
1,R0_54,0.25,2021-12-10,18517,187.9,25.0,4697.5,True
1,R0_54,0.25,2021-12-17,18517,187.9,25.0,4697.5,True
1,R0_54,0.25,2021-12-24,18517,169.9,50.0,8495.0,False
1,R0_54,0.25,2021-12-31,18517,167.9,25.0,4197.5,False
1,R0_54,0.25,2022-01-07,18517,167.9,25.0,4197.5,False
1,R0_54,0.25,2022-01-21,18517,187.9,25.0,4697.5,True
1,R0_54,0.25,2022-01-28,18517,182.9,25.0,4572.5,True
1,R0_54,0.25,2021-11-12,429,157.9,50.0,7895.0,False
1,R0_54,0.25,2021-11-19,429,154.9,25.0,3872.5,False
1,R0_54,0.25,2021-11-26,429,151.9,25.0,3797.5,False
1,R0_54,0.25,2021-12-10,429,185.9,25.0,4647.5,True
1,R0_54,0.25,2021-12-17,429,173.9,25.0,4347.5,True
1,R0_54,0.25,2021-12-24,429,167.9,25.0,4197.5,True
1,R0_54,0.25,2021-12-31,429,165.9,50.0,8295.0,False
1,R0_54,0.25,2022-01-07,429,163.9,25.0,4097.5,False
1,R0_54,0.25,2022-01-21,429,187.5,25.0,4687.5,True
1,R0_54,0.25,2022-01-28,429,169.7,25.0,4242.5,True
1,R0_54,0.25,2021-11-12,585,150.5,50.0,7525.0,False
1,R0_54,0.25,2021-11-19,585,148.5,25.0,3712.5,False
1,R0_54,0.25,2021-11-26,585,145.9,25.0,3647.5,False
1,R0_54,0.25,2021-12-10,585,187.9,25.0,4697.5,True
1,R0_54,0.25,2021-12-17,585,168.9,25.0,4222.5,True
1,R0_54,0.25,2021-12-24,585,167.9,25.0,4197.5,True
1,R0_54,0.25,2021-12-31,585,159.9,50.0,7995.0,False
1,R0_54,0.25,2022-01-07,585,159.9,25.0,3997.5,False
1,R0_54,0.25,2022-01-21,585,187.9,25.0,4697.5,True
1,R0_54,0.25,2022-01-28,585,167.9,25.0,4197.5,True
1,R0_54,0.25,2021-11-05,261,151.4,25.0,3785.0,False
1,R0_54,0.25,2021-11-12,261,150.9,25.0,3772.5,False
1,R0_54,0.25,2021-11-19,261,145.9,25.0,3647.5,False
1,R0_54,0.25,2021-11-26,261,145.9,25.0,3647.5,False
1,R0_54,0.25,2021-12-10,261,185.9,25.0,4647.5,True
1,R0_54,0.25,2021-12-17,261,167.9,25.0,4197.5,True
1,R0_54,0.25,2021-12-24,261,159.9,50.0,7995.0,False
1,R0_54,0.25,2021-12-31,261,159.9,25.0,3997.5,False
1,R0_54,0.25,2022-01-07,261,159.9,25.0,3997.5,False
1,R0_54,0.25,2022-01-21,261,187.9,25.0,4697.5,True
1,R0_54,0.25,2022-01-28,261,167.9,25.0,4197.5,True
1,cand_54,0.25,2021-11-12,414,177.9,25.0,4447.5,True
1,cand_54,0.25,2021-11-19,414,154.9,50.0,7745.0,False
1,cand_54,0.25,2021-12-03,414,189.9,25.0,4747.5,True
1,cand_54,0.25,2021-12-10,414,187.9,25.0,4697.5,True
1,cand_54,0.25,2021-12-17,414,187.9,25.0,4697.5,True
1,cand_54,0.25,2021-12-24,414,183.9,25.0,4597.5,True
1,cand_54,0.25,2021-12-31,414,167.9,50.0,8395.0,False
1,cand_54,0.25,2022-01-07,414,167.9,25.0,4197.5,False
1,cand_54,0.25,2022-01-21,414,187.9,25.0,4697.5,True
1,cand_54,0.25,2022-01-28,414,182.9,25.0,4572.5,True
1,cand_54,0.25,2021-11-12,18517,177.9,25.0,4447.5,True
1,cand_54,0.25,2021-11-19,18517,155.9,50.0,7795.0,False
1,cand_54,0.25,2021-12-03,18517,187.9,25.0,4697.5,True
1,cand_54,0.25,2021-12-10,18517,187.9,25.0,4697.5,True
1,cand_54,0.25,2021-12-17,18517,187.9,25.0,4697.5,True
1,cand_54,0.25,2021-12-24,18517,169.9,50.0,8495.0,False
1,cand_54,0.25,2021-12-31,18517,167.9,25.0,4197.5,False
1,cand_54,0.25,2022-01-07,18517,167.9,25.0,4197.5,False
1,cand_54,0.25,2022-01-21,18517,187.9,25.0,4697.5,True
1,cand_54,0.25,2022-01-28,18517,182.9,25.0,4572.5,True
1,cand_54,0.25,2021-11-12,429,157.9,50.0,7895.0,False
1,cand_54,0.25,2021-11-19,429,154.9,25.0,3872.5,False
1,cand_54,0.25,2021-11-26,429,151.9,25.0,3797.5,False
1,cand_54,0.25,2021-12-10,429,185.9,25.0,4647.5,True
1,cand_54,0.25,2021-12-17,429,173.9,25.0,4347.5,True
1,cand_54,0.25,2021-12-24,429,167.9,25.0,4197.5,True
1,cand_54,0.25,2021-12-31,429,165.9,50.0,8295.0,False
1,cand_54,0.25,2022-01-07,429,163.9,25.0,4097.5,False
1,cand_54,0.25,2022-01-21,429,187.5,25.0,4687.5,True
1,cand_54,0.25,2022-01-28,429,169.7,25.0,4242.5,True
1,cand_54,0.25,2021-11-12,585,150.5,50.0,7525.0,False
1,cand_54,0.25,2021-11-19,585,148.5,25.0,3712.5,False
1,cand_54,0.25,2021-11-26,585,145.9,25.0,3647.5,False
1,cand_54,0.25,2021-12-10,585,187.9,25.0,4697.5,True
1,cand_54,0.25,2021-12-17,585,168.9,25.0,4222.5,True
1,cand_54,0.25,2021-12-24,585,167.9,25.0,4197.5,True
1,cand_54,0.25,2021-12-31,585,159.9,50.0,7995.0,False
1,cand_54,0.25,2022-01-07,585,159.9,25.0,3997.5,False
1,cand_54,0.25,2022-01-21,585,187.9,25.0,4697.5,True
1,cand_54,0.25,2022-01-28,585,167.9,25.0,4197.5,True
1,cand_54,0.25,2021-11-05,261,151.4,25.0,3785.0,False
1,cand_54,0.25,2021-11-12,261,150.9,25.0,3772.5,False
1,cand_54,0.25,2021-11-19,261,145.9,25.0,3647.5,False
1,cand_54,0.25,2021-11-26,261,145.9,25.0,3647.5,False
1,cand_54,0.25,2021-12-10,261,185.9,25.0,4647.5,True
1,cand_54,0.25,2021-12-17,261,167.9,25.0,4197.5,True
1,cand_54,0.25,2021-12-24,261,159.9,50.0,7995.0,False
1,cand_54,0.25,2021-12-31,261,159.9,25.0,3997.5,False
1,cand_54,0.25,2022-01-07,261,159.9,25.0,3997.5,False
1,cand_54,0.25,2022-01-21,261,187.9,25.0,4697.5,True
1,cand_54,0.25,2022-01-28,261,167.9,25.0,4197.5,True
1,R0_64,0.25,2021-11-12,414,177.9,25.0,4447.5,True
1,R0_64,0.25,2021-11-19,414,154.9,50.0,7745.0,False
1,R0_64,0.25,2021-12-03,414,189.9,25.0,4747.5,True
1,R0_64,0.25,2021-12-10,414,187.9,25.0,4697.5,True
1,R0_64,0.25,2021-12-17,414,187.9,25.0,4697.5,True
1,R0_64,0.25,2021-12-24,414,183.9,25.0,4597.5,True
1,R0_64,0.25,2021-12-31,414,167.9,50.0,8395.0,False
1,R0_64,0.25,2022-01-07,414,167.9,25.0,4197.5,False
1,R0_64,0.25,2022-01-21,414,187.9,25.0,4697.5,True
1,R0_64,0.25,2022-01-28,414,182.9,25.0,4572.5,True
1,R0_64,0.25,2021-11-12,18517,177.9,25.0,4447.5,True
1,R0_64,0.25,2021-11-19,18517,155.9,50.0,7795.0,False
1,R0_64,0.25,2021-12-03,18517,187.9,25.0,4697.5,True
1,R0_64,0.25,2021-12-10,18517,187.9,25.0,4697.5,True
1,R0_64,0.25,2021-12-17,18517,187.9,25.0,4697.5,True
1,R0_64,0.25,2021-12-24,18517,169.9,50.0,8495.0,False
1,R0_64,0.25,2021-12-31,18517,167.9,25.0,4197.5,False
1,R0_64,0.25,2022-01-07,18517,167.9,25.0,4197.5,False
1,R0_64,0.25,2022-01-21,18517,187.9,25.0,4697.5,True
1,R0_64,0.25,2022-01-28,18517,182.9,25.0,4572.5,True
1,R0_64,0.25,2021-11-12,429,157.9,50.0,7895.0,False
1,R0_64,0.25,2021-11-19,429,154.9,25.0,3872.5,False
1,R0_64,0.25,2021-11-26,429,151.9,25.0,3797.5,False
1,R0_64,0.25,2021-12-10,429,185.9,25.0,4647.5,True
1,R0_64,0.25,2021-12-17,429,173.9,25.0,4347.5,True
1,R0_64,0.25,2021-12-24,429,167.9,25.0,4197.5,True
1,R0_64,0.25,2021-12-31,429,165.9,50.0,8295.0,False
1,R0_64,0.25,2022-01-07,429,163.9,25.0,4097.5,False
1,R0_64,0.25,2022-01-21,429,187.5,25.0,4687.5,True
1,R0_64,0.25,2022-01-28,429,169.7,25.0,4242.5,True
1,R0_64,0.25,2021-11-12,585,150.5,50.0,7525.0,False
1,R0_64,0.25,2021-11-19,585,148.5,25.0,3712.5,False
1,R0_64,0.25,2021-11-26,585,145.9,25.0,3647.5,False
1,R0_64,0.25,2021-12-10,585,187.9,25.0,4697.5,True
1,R0_64,0.25,2021-12-17,585,168.9,25.0,4222.5,True
1,R0_64,0.25,2021-12-24,585,167.9,25.0,4197.5,True
1,R0_64,0.25,2021-12-31,585,159.9,50.0,7995.0,False
1,R0_64,0.25,2022-01-07,585,159.9,25.0,3997.5,False
1,R0_64,0.25,2022-01-21,585,187.9,25.0,4697.5,True
1,R0_64,0.25,2022-01-28,585,167.9,25.0,4197.5,True
1,R0_64,0.25,2021-11-05,261,151.4,25.0,3785.0,False
1,R0_64,0.25,2021-11-12,261,150.9,25.0,3772.5,False
1,R0_64,0.25,2021-11-19,261,145.9,25.0,3647.5,False
1,R0_64,0.25,2021-11-26,261,145.9,25.0,3647.5,False
1,R0_64,0.25,2021-12-10,261,185.9,25.0,4647.5,True
1,R0_64,0.25,2021-12-17,261,167.9,25.0,4197.5,True
1,R0_64,0.25,2021-12-24,261,159.9,50.0,7995.0,False
1,R0_64,0.25,2021-12-31,261,159.9,25.0,3997.5,False
1,R0_64,0.25,2022-01-07,261,159.9,25.0,3997.5,False
1,R0_64,0.25,2022-01-21,261,187.9,25.0,4697.5,True
1,R0_64,0.25,2022-01-28,261,167.9,25.0,4197.5,True
2,always_buy,,2022-02-03,414,182.9,25.0,4572.5,False
2,always_buy,,2022-02-10,414,169.9,25.0,4247.5,False
2,always_buy,,2022-02-17,414,193.9,25.0,4847.5,False
2,always_buy,,2022-02-24,414,191.9,25.0,4797.5,False
2,always_buy,,2022-03-03,414,191.9,25.0,4797.5,False
2,always_buy,,2022-03-10,414,184.9,25.0,4622.5,False
2,always_buy,,2022-03-17,414,184.9,25.0,4622.5,False
2,always_buy,,2022-03-24,414,184.9,25.0,4622.5,False
2,always_buy,,2022-03-31,414,189.9,25.0,4747.5,False
2,always_buy,,2022-04-07,414,169.9,25.0,4247.5,False
2,always_buy,,2022-04-14,414,169.9,25.0,4247.5,False
2,always_buy,,2022-04-21,414,189.9,25.0,4747.5,False
2,always_buy,,2022-04-28,414,187.9,25.0,4697.5,False
2,always_buy,,2022-02-03,18517,173.9,25.0,4347.5,False
2,always_buy,,2022-02-10,18517,169.9,25.0,4247.5,False
2,always_buy,,2022-02-17,18517,193.9,25.0,4847.5,False
2,always_buy,,2022-02-24,18517,191.9,25.0,4797.5,False
2,always_buy,,2022-03-03,18517,184.9,25.0,4622.5,False
2,always_buy,,2022-03-10,18517,184.9,25.0,4622.5,False
2,always_buy,,2022-03-17,18517,184.9,25.0,4622.5,False
2,always_buy,,2022-03-24,18517,184.9,25.0,4622.5,False
2,always_buy,,2022-03-31,18517,189.9,25.0,4747.5,False
2,always_buy,,2022-04-07,18517,169.9,25.0,4247.5,False
2,always_buy,,2022-04-14,18517,169.9,25.0,4247.5,False
2,always_buy,,2022-04-21,18517,187.9,25.0,4697.5,False
2,always_buy,,2022-04-28,18517,187.7,25.0,4692.5,False
2,always_buy,,2022-02-03,429,167.7,25.0,4192.5,False
2,always_buy,,2022-02-10,429,167.7,25.0,4192.5,False
2,always_buy,,2022-02-17,429,187.9,25.0,4697.5,False
2,always_buy,,2022-02-24,429,187.9,25.0,4697.5,False
2,always_buy,,2022-03-03,429,179.9,25.0,4497.5,False
2,always_buy,,2022-03-10,429,183.9,25.0,4597.5,False
2,always_buy,,2022-03-17,429,189.9,25.0,4747.5,False
2,always_buy,,2022-03-24,429,189.9,25.0,4747.5,False
2,always_buy,,2022-03-31,429,187.9,25.0,4697.5,False
2,always_buy,,2022-04-07,429,169.9,25.0,4247.5,False
2,always_buy,,2022-04-14,429,162.4,25.0,4060.0,False
2,always_buy,,2022-04-21,429,162.4,25.0,4060.0,False
2,always_buy,,2022-04-28,429,187.7,25.0,4692.5,False
2,always_buy,,2022-02-03,585,167.9,25.0,4197.5,False
2,always_buy,,2022-02-10,585,166.9,25.0,4172.5,False
2,always_buy,,2022-02-17,585,193.9,25.0,4847.5,False
2,always_buy,,2022-02-24,585,189.9,25.0,4747.5,False
2,always_buy,,2022-03-03,585,179.9,25.0,4497.5,False
2,always_buy,,2022-03-10,585,190.9,25.0,4772.5,False
2,always_buy,,2022-03-17,585,190.9,25.0,4772.5,False
2,always_buy,,2022-03-24,585,190.9,25.0,4772.5,False
2,always_buy,,2022-03-31,585,187.4,25.0,4685.0,False
2,always_buy,,2022-04-07,585,163.4,25.0,4085.0,False
2,always_buy,,2022-04-14,585,163.4,25.0,4085.0,False
2,always_buy,,2022-04-21,585,163.4,25.0,4085.0,False
2,always_buy,,2022-04-28,585,187.9,25.0,4697.5,False
2,always_buy,,2022-02-03,261,167.9,25.0,4197.5,False
2,always_buy,,2022-02-10,261,166.7,25.0,4167.5,False
2,always_buy,,2022-02-17,261,193.9,25.0,4847.5,False
2,always_buy,,2022-02-24,261,180.7,25.0,4517.5,False
2,always_buy,,2022-03-03,261,174.7,25.0,4367.5,False
2,always_buy,,2022-03-10,261,184.9,25.0,4622.5,False
2,always_buy,,2022-03-17,261,191.9,25.0,4797.5,False
2,always_buy,,2022-03-24,261,197.9,25.0,4947.5,False
2,always_buy,,2022-03-31,261,183.9,25.0,4597.5,False
2,always_buy,,2022-04-07,261,162.4,25.0,4060.0,False
2,always_buy,,2022-04-14,261,152.7,25.0,3817.4999999999995,False
2,always_buy,,2022-04-21,261,151.5,25.0,3787.5,False
2,always_buy,,2022-04-28,261,153.9,25.0,3847.5,False
2,R0_54,0.25,2022-02-10,414,169.9,50.0,8495.0,False
2,R0_54,0.25,2022-02-24,414,191.9,25.0,4797.5,True
2,R0_54,0.25,2022-03-03,414,191.9,25.0,4797.5,True
2,R0_54,0.25,2022-03-10,414,184.9,25.0,4622.5,True
2,R0_54,0.25,2022-03-17,414,184.9,50.0,9245.0,False
2,R0_54,0.25,2022-03-31,414,189.9,25.0,4747.5,True
2,R0_54,0.25,2022-04-07,414,169.9,25.0,4247.5,True
2,R0_54,0.25,2022-04-14,414,169.9,50.0,8495.0,False
2,R0_54,0.25,2022-04-21,414,189.9,25.0,4747.5,False
2,R0_54,0.25,2022-02-10,18517,169.9,50.0,8495.0,False
2,R0_54,0.25,2022-02-24,18517,191.9,25.0,4797.5,True
2,R0_54,0.25,2022-03-03,18517,184.9,25.0,4622.5,True
2,R0_54,0.25,2022-03-10,18517,184.9,25.0,4622.5,True
2,R0_54,0.25,2022-03-17,18517,184.9,50.0,9245.0,False
2,R0_54,0.25,2022-03-31,18517,189.9,25.0,4747.5,True
2,R0_54,0.25,2022-04-07,18517,169.9,50.0,8495.0,False
2,R0_54,0.25,2022-04-14,18517,169.9,25.0,4247.5,False
2,R0_54,0.25,2022-04-21,18517,187.9,25.0,4697.5,False
2,R0_54,0.25,2022-04-28,18517,187.7,25.0,4692.5,False
2,R0_54,0.25,2022-02-10,429,167.7,50.0,8385.0,False
2,R0_54,0.25,2022-02-24,429,187.9,25.0,4697.5,True
2,R0_54,0.25,2022-03-03,429,179.9,25.0,4497.5,True
2,R0_54,0.25,2022-03-10,429,183.9,25.0,4597.5,True
2,R0_54,0.25,2022-03-17,429,189.9,25.0,4747.5,True
2,R0_54,0.25,2022-03-24,429,189.9,25.0,4747.5,True
2,R0_54,0.25,2022-03-31,429,187.9,25.0,4697.5,True
2,R0_54,0.25,2022-04-07,429,169.9,25.0,4247.5,True
2,R0_54,0.25,2022-04-14,429,162.4,50.0,8120.0,False
2,R0_54,0.25,2022-04-21,429,162.4,25.0,4060.0,False
2,R0_54,0.25,2022-02-10,585,166.9,50.0,8345.0,False
2,R0_54,0.25,2022-02-24,585,189.9,25.0,4747.5,True
2,R0_54,0.25,2022-03-03,585,179.9,25.0,4497.5,True
2,R0_54,0.25,2022-03-10,585,190.9,25.0,4772.5,True
2,R0_54,0.25,2022-03-17,585,190.9,25.0,4772.5,True
2,R0_54,0.25,2022-03-24,585,190.9,25.0,4772.5,True
2,R0_54,0.25,2022-03-31,585,187.4,25.0,4685.0,True
2,R0_54,0.25,2022-04-07,585,163.4,25.0,4085.0,True
2,R0_54,0.25,2022-04-14,585,163.4,50.0,8170.0,False
2,R0_54,0.25,2022-04-21,585,163.4,25.0,4085.0,False
2,R0_54,0.25,2022-02-10,261,166.7,50.0,8335.0,False
2,R0_54,0.25,2022-02-24,261,180.7,25.0,4517.5,True
2,R0_54,0.25,2022-03-03,261,174.7,25.0,4367.5,True
2,R0_54,0.25,2022-03-10,261,184.9,25.0,4622.5,True
2,R0_54,0.25,2022-03-17,261,191.9,25.0,4797.5,True
2,R0_54,0.25,2022-03-24,261,197.9,25.0,4947.5,True
2,R0_54,0.25,2022-03-31,261,183.9,25.0,4597.5,True
2,R0_54,0.25,2022-04-07,261,162.4,25.0,4060.0,True
2,R0_54,0.25,2022-04-14,261,152.7,50.0,7634.999999999999,False
2,R0_54,0.25,2022-04-21,261,151.5,25.0,3787.5,False
2,R0_54,0.25,2022-04-28,261,153.9,25.0,3847.5,False
2,cand_54,0.25,2022-02-10,414,169.9,50.0,8495.0,False
2,cand_54,0.25,2022-02-24,414,191.9,25.0,4797.5,True
2,cand_54,0.25,2022-03-03,414,191.9,25.0,4797.5,True
2,cand_54,0.25,2022-03-10,414,184.9,50.0,9245.0,False
2,cand_54,0.25,2022-03-17,414,184.9,25.0,4622.5,False
2,cand_54,0.25,2022-03-24,414,184.9,25.0,4622.5,False
2,cand_54,0.25,2022-03-31,414,189.9,25.0,4747.5,False
2,cand_54,0.25,2022-04-14,414,169.9,50.0,8495.0,False
2,cand_54,0.25,2022-04-21,414,189.9,25.0,4747.5,False
2,cand_54,0.25,2022-04-28,414,187.9,25.0,4697.5,False
2,cand_54,0.25,2022-02-10,18517,169.9,50.0,8495.0,False
2,cand_54,0.25,2022-02-24,18517,191.9,25.0,4797.5,True
2,cand_54,0.25,2022-03-03,18517,184.9,50.0,9245.0,False
2,cand_54,0.25,2022-03-10,18517,184.9,25.0,4622.5,False
2,cand_54,0.25,2022-03-24,18517,184.9,50.0,9245.0,False
2,cand_54,0.25,2022-03-31,18517,189.9,25.0,4747.5,False
2,cand_54,0.25,2022-04-07,18517,169.9,25.0,4247.5,False
2,cand_54,0.25,2022-04-14,18517,169.9,25.0,4247.5,False
2,cand_54,0.25,2022-04-21,18517,187.9,25.0,4697.5,False
2,cand_54,0.25,2022-04-28,18517,187.7,25.0,4692.5,False
2,cand_54,0.25,2022-02-03,429,167.7,25.0,4192.5,False
2,cand_54,0.25,2022-02-10,429,167.7,25.0,4192.5,False
2,cand_54,0.25,2022-02-24,429,187.9,25.0,4697.5,True
2,cand_54,0.25,2022-03-03,429,179.9,25.0,4497.5,True
2,cand_54,0.25,2022-03-10,429,183.9,25.0,4597.5,True
2,cand_54,0.25,2022-03-17,429,189.9,25.0,4747.5,True
2,cand_54,0.25,2022-03-24,429,189.9,25.0,4747.5,True
2,cand_54,0.25,2022-03-31,429,187.9,25.0,4697.5,True
2,cand_54,0.25,2022-04-07,429,169.9,25.0,4247.5,True
2,cand_54,0.25,2022-04-14,429,162.4,50.0,8120.0,False
2,cand_54,0.25,2022-04-21,429,162.4,25.0,4060.0,False
2,cand_54,0.25,2022-02-10,585,166.9,50.0,8345.0,False
2,cand_54,0.25,2022-02-24,585,189.9,25.0,4747.5,True
2,cand_54,0.25,2022-03-03,585,179.9,25.0,4497.5,True
2,cand_54,0.25,2022-03-10,585,190.9,25.0,4772.5,True
2,cand_54,0.25,2022-03-17,585,190.9,25.0,4772.5,True
2,cand_54,0.25,2022-03-24,585,190.9,25.0,4772.5,True
2,cand_54,0.25,2022-03-31,585,187.4,25.0,4685.0,True
2,cand_54,0.25,2022-04-07,585,163.4,50.0,8170.0,False
2,cand_54,0.25,2022-04-14,585,163.4,25.0,4085.0,False
2,cand_54,0.25,2022-04-21,585,163.4,25.0,4085.0,False
2,cand_54,0.25,2022-02-10,261,166.7,50.0,8335.0,False
2,cand_54,0.25,2022-02-24,261,180.7,25.0,4517.5,True
2,cand_54,0.25,2022-03-03,261,174.7,25.0,4367.5,True
2,cand_54,0.25,2022-03-10,261,184.9,25.0,4622.5,True
2,cand_54,0.25,2022-03-17,261,191.9,25.0,4797.5,True
2,cand_54,0.25,2022-03-24,261,197.9,25.0,4947.5,True
2,cand_54,0.25,2022-03-31,261,183.9,50.0,9195.0,False
2,cand_54,0.25,2022-04-07,261,162.4,25.0,4060.0,False
2,cand_54,0.25,2022-04-14,261,152.7,25.0,3817.4999999999995,False
2,cand_54,0.25,2022-04-21,261,151.5,25.0,3787.5,False
2,cand_54,0.25,2022-04-28,261,153.9,25.0,3847.5,False
2,R0_64,0.25,2022-02-10,414,169.9,50.0,8495.0,False
2,R0_64,0.25,2022-02-24,414,191.9,25.0,4797.5,True
2,R0_64,0.25,2022-03-03,414,191.9,25.0,4797.5,True
2,R0_64,0.25,2022-03-10,414,184.9,25.0,4622.5,True
2,R0_64,0.25,2022-03-17,414,184.9,25.0,4622.5,True
2,R0_64,0.25,2022-03-24,414,184.9,25.0,4622.5,True
2,R0_64,0.25,2022-03-31,414,189.9,25.0,4747.5,True
2,R0_64,0.25,2022-04-07,414,169.9,25.0,4247.5,True
2,R0_64,0.25,2022-04-14,414,169.9,50.0,8495.0,False
2,R0_64,0.25,2022-04-21,414,189.9,25.0,4747.5,False
2,R0_64,0.25,2022-02-10,18517,169.9,50.0,8495.0,False
2,R0_64,0.25,2022-02-24,18517,191.9,25.0,4797.5,True
2,R0_64,0.25,2022-03-03,18517,184.9,25.0,4622.5,True
2,R0_64,0.25,2022-03-10,18517,184.9,25.0,4622.5,True
2,R0_64,0.25,2022-03-17,18517,184.9,25.0,4622.5,True
2,R0_64,0.25,2022-03-24,18517,184.9,25.0,4622.5,True
2,R0_64,0.25,2022-03-31,18517,189.9,25.0,4747.5,True
2,R0_64,0.25,2022-04-07,18517,169.9,50.0,8495.0,False
2,R0_64,0.25,2022-04-14,18517,169.9,25.0,4247.5,False
2,R0_64,0.25,2022-04-21,18517,187.9,25.0,4697.5,False
2,R0_64,0.25,2022-02-10,429,167.7,50.0,8385.0,False
2,R0_64,0.25,2022-02-24,429,187.9,25.0,4697.5,True
2,R0_64,0.25,2022-03-03,429,179.9,25.0,4497.5,True
2,R0_64,0.25,2022-03-10,429,183.9,25.0,4597.5,True
2,R0_64,0.25,2022-03-17,429,189.9,25.0,4747.5,True
2,R0_64,0.25,2022-03-24,429,189.9,25.0,4747.5,True
2,R0_64,0.25,2022-03-31,429,187.9,25.0,4697.5,True
2,R0_64,0.25,2022-04-07,429,169.9,25.0,4247.5,True
2,R0_64,0.25,2022-04-14,429,162.4,50.0,8120.0,False
2,R0_64,0.25,2022-04-21,429,162.4,25.0,4060.0,False
2,R0_64,0.25,2022-02-10,585,166.9,50.0,8345.0,False
2,R0_64,0.25,2022-02-24,585,189.9,25.0,4747.5,True
2,R0_64,0.25,2022-03-03,585,179.9,25.0,4497.5,True
2,R0_64,0.25,2022-03-10,585,190.9,25.0,4772.5,True
2,R0_64,0.25,2022-03-17,585,190.9,25.0,4772.5,True
2,R0_64,0.25,2022-03-24,585,190.9,25.0,4772.5,True
2,R0_64,0.25,2022-03-31,585,187.4,25.0,4685.0,True
2,R0_64,0.25,2022-04-07,585,163.4,50.0,8170.0,False
2,R0_64,0.25,2022-04-14,585,163.4,25.0,4085.0,False
2,R0_64,0.25,2022-04-21,585,163.4,25.0,4085.0,False
2,R0_64,0.25,2022-02-10,261,166.7,50.0,8335.0,False
2,R0_64,0.25,2022-02-24,261,180.7,25.0,4517.5,True
2,R0_64,0.25,2022-03-03,261,174.7,25.0,4367.5,True
2,R0_64,0.25,2022-03-10,261,184.9,25.0,4622.5,True
2,R0_64,0.25,2022-03-17,261,191.9,25.0,4797.5,True
2,R0_64,0.25,2022-03-24,261,197.9,25.0,4947.5,True
2,R0_64,0.25,2022-03-31,261,183.9,25.0,4597.5,True
2,R0_64,0.25,2022-04-07,261,162.4,50.0,8120.0,False
2,R0_64,0.25,2022-04-14,261,152.7,25.0,3817.4999999999995,False
2,R0_64,0.25,2022-04-21,261,151.5,25.0,3787.5,False
2,R0_64,0.25,2022-04-28,261,153.9,25.0,3847.5,False
3,always_buy,,2022-05-04,414,179.9,25.0,4497.5,False
3,always_buy,,2022-05-11,414,179.9,25.0,4497.5,False
3,always_buy,,2022-05-18,414,211.9,25.0,5297.5,False
3,always_buy,,2022-05-25,414,206.9,25.0,5172.5,False
3,always_buy,,2022-06-01,414,201.9,25.0,5047.5,False
3,always_buy,,2022-06-08,414,195.9,25.0,4897.5,False
3,always_buy,,2022-06-15,414,222.9,25.0,5572.5,False
3,always_buy,,2022-06-22,414,217.9,25.0,5447.5,False
3,always_buy,,2022-06-29,414,217.9,25.0,5447.5,False
3,always_buy,,2022-07-06,414,213.9,25.0,5347.5,False
3,always_buy,,2022-07-13,414,203.9,25.0,5097.5,False
3,always_buy,,2022-07-20,414,196.9,25.0,4922.5,False
3,always_buy,,2022-07-27,414,189.9,25.0,4747.5,False
3,always_buy,,2022-05-04,18517,179.9,25.0,4497.5,False
3,always_buy,,2022-05-11,18517,174.9,25.0,4372.5,False
3,always_buy,,2022-05-18,18517,217.9,25.0,5447.5,False
3,always_buy,,2022-05-25,18517,206.9,25.0,5172.5,False
3,always_buy,,2022-06-01,18517,202.9,25.0,5072.5,False
3,always_buy,,2022-06-08,18517,195.9,25.0,4897.5,False
3,always_buy,,2022-06-15,18517,222.9,25.0,5572.5,False
3,always_buy,,2022-06-22,18517,217.9,25.0,5447.5,False
3,always_buy,,2022-06-29,18517,217.9,25.0,5447.5,False
3,always_buy,,2022-07-06,18517,213.9,25.0,5347.5,False
3,always_buy,,2022-07-13,18517,203.9,25.0,5097.5,False
3,always_buy,,2022-07-20,18517,196.9,25.0,4922.5,False
3,always_buy,,2022-07-27,18517,189.7,25.0,4742.5,False
3,always_buy,,2022-05-04,429,179.5,25.0,4487.5,False
3,always_buy,,2022-05-11,429,173.5,25.0,4337.5,False
3,always_buy,,2022-05-18,429,211.9,25.0,5297.5,False
3,always_buy,,2022-05-25,429,203.9,25.0,5097.5,False
3,always_buy,,2022-06-01,429,196.9,25.0,4922.5,False
3,always_buy,,2022-06-08,429,186.5,25.0,4662.5,False
3,always_buy,,2022-06-15,429,221.9,25.0,5547.5,False
3,always_buy,,2022-06-22,429,217.9,25.0,5447.5,False
3,always_buy,,2022-06-29,429,215.7,25.0,5392.5,False
3,always_buy,,2022-07-06,429,199.7,25.0,4992.5,False
3,always_buy,,2022-07-13,429,199.7,25.0,4992.5,False
3,always_buy,,2022-07-20,429,196.7,25.0,4917.5,False
3,always_buy,,2022-07-27,429,187.9,25.0,4697.5,False
3,always_buy,,2022-05-04,585,183.9,25.0,4597.5,False
3,always_buy,,2022-05-11,585,173.9,25.0,4347.5,False
3,always_buy,,2022-05-18,585,213.9,25.0,5347.5,False
3,always_buy,,2022-05-25,585,208.9,25.0,5222.5,False
3,always_buy,,2022-06-01,585,199.9,25.0,4997.5,False
3,always_buy,,2022-06-08,585,186.5,25.0,4662.5,False
3,always_buy,,2022-06-15,585,222.9,25.0,5572.5,False
3,always_buy,,2022-06-22,585,222.9,25.0,5572.5,False
3,always_buy,,2022-06-29,585,219.9,25.0,5497.5,False
3,always_buy,,2022-07-06,585,199.9,25.0,4997.5,False
3,always_buy,,2022-07-13,585,199.9,25.0,4997.5,False
3,always_buy,,2022-07-20,585,199.9,25.0,4997.5,False
3,always_buy,,2022-07-27,585,187.9,25.0,4697.5,False
3,always_buy,,2022-05-04,261,173.9,25.0,4347.5,False
3,always_buy,,2022-05-11,261,169.9,25.0,4247.5,False
3,always_buy,,2022-05-18,261,213.9,25.0,5347.5,False
3,always_buy,,2022-05-25,261,203.4,25.0,5085.0,False
3,always_buy,,2022-06-01,261,192.9,25.0,4822.5,False
3,always_buy,,2022-06-08,261,184.7,25.0,4617.5,False
3,always_buy,,2022-06-15,261,182.5,25.0,4562.5,False
3,always_buy,,2022-06-22,261,220.3,25.0,5507.5,False
3,always_buy,,2022-06-29,261,197.9,25.0,4947.5,False
3,always_buy,,2022-07-06,261,193.9,25.0,4847.5,False
3,always_buy,,2022-07-13,261,187.9,25.0,4697.5,False
3,always_buy,,2022-07-20,261,181.7,25.0,4542.5,False
3,always_buy,,2022-07-27,261,177.9,25.0,4447.5,False
3,R0_54,0.25,2022-05-11,414,179.9,25.0,4497.5,True
3,R0_54,0.25,2022-05-18,414,211.9,25.0,5297.5,True
3,R0_54,0.25,2022-05-25,414,206.9,25.0,5172.5,True
3,R0_54,0.25,2022-06-01,414,201.9,25.0,5047.5,True
3,R0_54,0.25,2022-06-08,414,195.9,50.0,9795.0,False
3,R0_54,0.25,2022-06-22,414,217.9,25.0,5447.5,True
3,R0_54,0.25,2022-06-29,414,217.9,25.0,5447.5,True
3,R0_54,0.25,2022-07-06,414,213.9,25.0,5347.5,True
3,R0_54,0.25,2022-07-13,414,203.9,50.0,10195.0,False
3,R0_54,0.25,2022-07-20,414,196.9,25.0,4922.5,False
3,R0_54,0.25,2022-07-27,414,189.9,25.0,4747.5,False
3,R0_54,0.25,2022-05-11,18517,174.9,25.0,4372.5,True
3,R0_54,0.25,2022-05-18,18517,217.9,25.0,5447.5,True
3,R0_54,0.25,2022-05-25,18517,206.9,25.0,5172.5,True
3,R0_54,0.25,2022-06-01,18517,202.9,25.0,5072.5,True
3,R0_54,0.25,2022-06-08,18517,195.9,50.0,9795.0,False
3,R0_54,0.25,2022-06-22,18517,217.9,25.0,5447.5,True
3,R0_54,0.25,2022-06-29,18517,217.9,25.0,5447.5,True
3,R0_54,0.25,2022-07-06,18517,213.9,25.0,5347.5,True
3,R0_54,0.25,2022-07-13,18517,203.9,50.0,10195.0,False
3,R0_54,0.25,2022-07-20,18517,196.9,25.0,4922.5,False
3,R0_54,0.25,2022-07-27,18517,189.7,25.0,4742.5,False
3,R0_54,0.25,2022-05-11,429,173.5,25.0,4337.5,True
3,R0_54,0.25,2022-05-18,429,211.9,25.0,5297.5,True
3,R0_54,0.25,2022-05-25,429,203.9,25.0,5097.5,True
3,R0_54,0.25,2022-06-01,429,196.9,25.0,4922.5,True
3,R0_54,0.25,2022-06-08,429,186.5,50.0,9325.0,False
3,R0_54,0.25,2022-06-22,429,217.9,25.0,5447.5,True
3,R0_54,0.25,2022-06-29,429,215.7,25.0,5392.5,True
3,R0_54,0.25,2022-07-06,429,199.7,25.0,4992.5,True
3,R0_54,0.25,2022-07-13,429,199.7,25.0,4992.5,True
3,R0_54,0.25,2022-07-20,429,196.7,50.0,9835.0,False
3,R0_54,0.25,2022-07-27,429,187.9,25.0,4697.5,False
3,R0_54,0.25,2022-05-11,585,173.9,50.0,8695.0,False
3,R0_54,0.25,2022-05-25,585,208.9,25.0,5222.5,True
3,R0_54,0.25,2022-06-01,585,199.9,25.0,4997.5,True
3,R0_54,0.25,2022-06-08,585,186.5,50.0,9325.0,False
3,R0_54,0.25,2022-06-22,585,222.9,25.0,5572.5,True
3,R0_54,0.25,2022-06-29,585,219.9,25.0,5497.5,True
3,R0_54,0.25,2022-07-06,585,199.9,25.0,4997.5,True
3,R0_54,0.25,2022-07-13,585,199.9,50.0,9995.0,False
3,R0_54,0.25,2022-07-20,585,199.9,25.0,4997.5,False
3,R0_54,0.25,2022-07-27,585,187.9,25.0,4697.5,False
3,R0_54,0.25,2022-05-11,261,169.9,25.0,4247.5,True
3,R0_54,0.25,2022-05-18,261,213.9,25.0,5347.5,True
3,R0_54,0.25,2022-05-25,261,203.4,25.0,5085.0,True
3,R0_54,0.25,2022-06-01,261,192.9,25.0,4822.5,True
3,R0_54,0.25,2022-06-08,261,184.7,25.0,4617.5,True
3,R0_54,0.25,2022-06-15,261,182.5,50.0,9125.0,False
3,R0_54,0.25,2022-06-29,261,197.9,25.0,4947.5,True
3,R0_54,0.25,2022-07-06,261,193.9,25.0,4847.5,True
3,R0_54,0.25,2022-07-13,261,187.9,50.0,9395.0,False
3,R0_54,0.25,2022-07-20,261,181.7,25.0,4542.5,False
3,R0_54,0.25,2022-07-27,261,177.9,25.0,4447.5,False
3,cand_54,0.25,2022-05-11,414,179.9,25.0,4497.5,True
3,cand_54,0.25,2022-05-18,414,211.9,25.0,5297.5,True
3,cand_54,0.25,2022-05-25,414,206.9,25.0,5172.5,True
3,cand_54,0.25,2022-06-01,414,201.9,25.0,5047.5,True
3,cand_54,0.25,2022-06-08,414,195.9,50.0,9795.0,False
3,cand_54,0.25,2022-06-22,414,217.9,25.0,5447.5,True
3,cand_54,0.25,2022-06-29,414,217.9,25.0,5447.5,True
3,cand_54,0.25,2022-07-06,414,213.9,25.0,5347.5,True
3,cand_54,0.25,2022-07-13,414,203.9,50.0,10195.0,False
3,cand_54,0.25,2022-07-20,414,196.9,25.0,4922.5,False
3,cand_54,0.25,2022-07-27,414,189.9,25.0,4747.5,False
3,cand_54,0.25,2022-05-11,18517,174.9,50.0,8745.0,False
3,cand_54,0.25,2022-05-25,18517,206.9,25.0,5172.5,True
3,cand_54,0.25,2022-06-01,18517,202.9,25.0,5072.5,True
3,cand_54,0.25,2022-06-08,18517,195.9,50.0,9795.0,False
3,cand_54,0.25,2022-06-22,18517,217.9,25.0,5447.5,True
3,cand_54,0.25,2022-06-29,18517,217.9,25.0,5447.5,True
3,cand_54,0.25,2022-07-06,18517,213.9,25.0,5347.5,True
3,cand_54,0.25,2022-07-13,18517,203.9,50.0,10195.0,False
3,cand_54,0.25,2022-07-20,18517,196.9,25.0,4922.5,False
3,cand_54,0.25,2022-07-27,18517,189.7,25.0,4742.5,False
3,cand_54,0.25,2022-05-11,429,173.5,25.0,4337.5,True
3,cand_54,0.25,2022-05-18,429,211.9,25.0,5297.5,True
3,cand_54,0.25,2022-05-25,429,203.9,25.0,5097.5,True
3,cand_54,0.25,2022-06-01,429,196.9,25.0,4922.5,True
3,cand_54,0.25,2022-06-08,429,186.5,50.0,9325.0,False
3,cand_54,0.25,2022-06-22,429,217.9,25.0,5447.5,True
3,cand_54,0.25,2022-06-29,429,215.7,25.0,5392.5,True
3,cand_54,0.25,2022-07-06,429,199.7,25.0,4992.5,True
3,cand_54,0.25,2022-07-13,429,199.7,25.0,4992.5,True
3,cand_54,0.25,2022-07-20,429,196.7,50.0,9835.0,False
3,cand_54,0.25,2022-07-27,429,187.9,25.0,4697.5,False
3,cand_54,0.25,2022-05-11,585,173.9,25.0,4347.5,True
3,cand_54,0.25,2022-05-18,585,213.9,25.0,5347.5,True
3,cand_54,0.25,2022-05-25,585,208.9,25.0,5222.5,True
3,cand_54,0.25,2022-06-01,585,199.9,25.0,4997.5,True
3,cand_54,0.25,2022-06-08,585,186.5,50.0,9325.0,False
3,cand_54,0.25,2022-06-22,585,222.9,25.0,5572.5,True
3,cand_54,0.25,2022-06-29,585,219.9,25.0,5497.5,True
3,cand_54,0.25,2022-07-06,585,199.9,25.0,4997.5,True
3,cand_54,0.25,2022-07-13,585,199.9,50.0,9995.0,False
3,cand_54,0.25,2022-07-20,585,199.9,25.0,4997.5,False
3,cand_54,0.25,2022-07-27,585,187.9,25.0,4697.5,False
3,cand_54,0.25,2022-05-11,261,169.9,25.0,4247.5,True
3,cand_54,0.25,2022-05-18,261,213.9,25.0,5347.5,True
3,cand_54,0.25,2022-05-25,261,203.4,25.0,5085.0,True
3,cand_54,0.25,2022-06-01,261,192.9,25.0,4822.5,True
3,cand_54,0.25,2022-06-08,261,184.7,50.0,9235.0,False
3,cand_54,0.25,2022-06-15,261,182.5,25.0,4562.5,False
3,cand_54,0.25,2022-06-29,261,197.9,25.0,4947.5,True
3,cand_54,0.25,2022-07-06,261,193.9,25.0,4847.5,True
3,cand_54,0.25,2022-07-13,261,187.9,50.0,9395.0,False
3,cand_54,0.25,2022-07-20,261,181.7,25.0,4542.5,False
3,cand_54,0.25,2022-07-27,261,177.9,25.0,4447.5,False
3,R0_64,0.25,2022-05-11,414,179.9,25.0,4497.5,True
3,R0_64,0.25,2022-05-18,414,211.9,25.0,5297.5,True
3,R0_64,0.25,2022-05-25,414,206.9,25.0,5172.5,True
3,R0_64,0.25,2022-06-01,414,201.9,25.0,5047.5,True
3,R0_64,0.25,2022-06-08,414,195.9,50.0,9795.0,False
3,R0_64,0.25,2022-06-22,414,217.9,25.0,5447.5,True
3,R0_64,0.25,2022-06-29,414,217.9,25.0,5447.5,True
3,R0_64,0.25,2022-07-06,414,213.9,25.0,5347.5,True
3,R0_64,0.25,2022-07-13,414,203.9,50.0,10195.0,False
3,R0_64,0.25,2022-07-20,414,196.9,25.0,4922.5,False
3,R0_64,0.25,2022-07-27,414,189.9,25.0,4747.5,False
3,R0_64,0.25,2022-05-11,18517,174.9,25.0,4372.5,True
3,R0_64,0.25,2022-05-18,18517,217.9,25.0,5447.5,True
3,R0_64,0.25,2022-05-25,18517,206.9,25.0,5172.5,True
3,R0_64,0.25,2022-06-01,18517,202.9,25.0,5072.5,True
3,R0_64,0.25,2022-06-08,18517,195.9,50.0,9795.0,False
3,R0_64,0.25,2022-06-22,18517,217.9,25.0,5447.5,True
3,R0_64,0.25,2022-06-29,18517,217.9,25.0,5447.5,True
3,R0_64,0.25,2022-07-06,18517,213.9,25.0,5347.5,True
3,R0_64,0.25,2022-07-13,18517,203.9,50.0,10195.0,False
3,R0_64,0.25,2022-07-20,18517,196.9,25.0,4922.5,False
3,R0_64,0.25,2022-07-27,18517,189.7,25.0,4742.5,False
3,R0_64,0.25,2022-05-11,429,173.5,25.0,4337.5,True
3,R0_64,0.25,2022-05-18,429,211.9,25.0,5297.5,True
3,R0_64,0.25,2022-05-25,429,203.9,25.0,5097.5,True
3,R0_64,0.25,2022-06-01,429,196.9,25.0,4922.5,True
3,R0_64,0.25,2022-06-08,429,186.5,50.0,9325.0,False
3,R0_64,0.25,2022-06-22,429,217.9,25.0,5447.5,True
3,R0_64,0.25,2022-06-29,429,215.7,25.0,5392.5,True
3,R0_64,0.25,2022-07-06,429,199.7,50.0,9985.0,False
3,R0_64,0.25,2022-07-13,429,199.7,25.0,4992.5,False
3,R0_64,0.25,2022-07-20,429,196.7,25.0,4917.5,False
3,R0_64,0.25,2022-07-27,429,187.9,25.0,4697.5,False
3,R0_64,0.25,2022-05-11,585,173.9,50.0,8695.0,False
3,R0_64,0.25,2022-05-25,585,208.9,25.0,5222.5,True
3,R0_64,0.25,2022-06-01,585,199.9,25.0,4997.5,True
3,R0_64,0.25,2022-06-08,585,186.5,50.0,9325.0,False
3,R0_64,0.25,2022-06-22,585,222.9,25.0,5572.5,True
3,R0_64,0.25,2022-06-29,585,219.9,25.0,5497.5,True
3,R0_64,0.25,2022-07-06,585,199.9,25.0,4997.5,True
3,R0_64,0.25,2022-07-13,585,199.9,50.0,9995.0,False
3,R0_64,0.25,2022-07-20,585,199.9,25.0,4997.5,False
3,R0_64,0.25,2022-07-27,585,187.9,25.0,4697.5,False
3,R0_64,0.25,2022-05-11,261,169.9,25.0,4247.5,True
3,R0_64,0.25,2022-05-18,261,213.9,25.0,5347.5,True
3,R0_64,0.25,2022-05-25,261,203.4,25.0,5085.0,True
3,R0_64,0.25,2022-06-01,261,192.9,25.0,4822.5,True
3,R0_64,0.25,2022-06-08,261,184.7,25.0,4617.5,True
3,R0_64,0.25,2022-06-15,261,182.5,50.0,9125.0,False
3,R0_64,0.25,2022-06-29,261,197.9,25.0,4947.5,True
3,R0_64,0.25,2022-07-06,261,193.9,25.0,4847.5,True
3,R0_64,0.25,2022-07-13,261,187.9,50.0,9395.0,False
3,R0_64,0.25,2022-07-20,261,181.7,25.0,4542.5,False
3,R0_64,0.25,2022-07-27,261,177.9,25.0,4447.5,False
4,always_buy,,2022-08-02,414,173.9,25.0,4347.5,False
4,always_buy,,2022-08-09,414,166.9,25.0,4172.5,False
4,always_buy,,2022-08-16,414,193.9,25.0,4847.5,False
4,always_buy,,2022-08-23,414,193.9,25.0,4847.5,False
4,always_buy,,2022-08-30,414,193.9,25.0,4847.5,False
4,always_buy,,2022-09-06,414,185.9,25.0,4647.5,False
4,always_buy,,2022-09-13,414,185.9,25.0,4647.5,False
4,always_buy,,2022-09-20,414,185.9,25.0,4647.5,False
4,always_buy,,2022-09-27,414,185.9,25.0,4647.5,False
4,always_buy,,2022-10-04,414,185.9,25.0,4647.5,False
4,always_buy,,2022-10-11,414,185.9,25.0,4647.5,False
4,always_buy,,2022-10-18,414,185.9,25.0,4647.5,False
4,always_buy,,2022-10-25,414,185.9,25.0,4647.5,False
4,always_buy,,2022-08-02,18517,175.9,25.0,4397.5,False
4,always_buy,,2022-08-09,18517,167.9,25.0,4197.5,False
4,always_buy,,2022-08-16,18517,193.9,25.0,4847.5,False
4,always_buy,,2022-08-23,18517,193.9,25.0,4847.5,False
4,always_buy,,2022-08-30,18517,193.9,25.0,4847.5,False
4,always_buy,,2022-09-06,18517,163.9,25.0,4097.5,False
4,always_buy,,2022-09-13,18517,155.9,25.0,3897.5,False
4,always_buy,,2022-09-20,18517,193.9,25.0,4847.5,False
4,always_buy,,2022-09-27,18517,189.9,25.0,4747.5,False
4,always_buy,,2022-10-04,18517,185.9,25.0,4647.5,False
4,always_buy,,2022-10-11,18517,179.9,25.0,4497.5,False
4,always_buy,,2022-10-18,18517,175.9,25.0,4397.5,False
4,always_buy,,2022-10-25,18517,175.9,25.0,4397.5,False
4,always_buy,,2022-08-02,429,173.9,25.0,4347.5,False
4,always_buy,,2022-08-09,429,166.9,25.0,4172.5,False
4,always_buy,,2022-08-16,429,193.9,25.0,4847.5,False
4,always_buy,,2022-08-23,429,187.9,25.0,4697.5,False
4,always_buy,,2022-08-30,429,185.9,25.0,4647.5,False
4,always_buy,,2022-09-06,429,163.9,25.0,4097.5,False
4,always_buy,,2022-09-13,429,159.9,25.0,3997.5,False
4,always_buy,,2022-09-20,429,159.9,25.0,3997.5,False
4,always_buy,,2022-09-27,429,187.9,25.0,4697.5,False
4,always_buy,,2022-10-04,429,185.9,25.0,4647.5,False
4,always_buy,,2022-10-11,429,175.9,25.0,4397.5,False
4,always_buy,,2022-10-18,429,168.5,25.0,4212.5,False
4,always_buy,,2022-10-25,429,171.7,25.0,4292.5,False
4,always_buy,,2022-08-02,585,171.9,25.0,4297.5,False
4,always_buy,,2022-08-09,585,164.9,25.0,4122.5,False
4,always_buy,,2022-08-16,585,193.9,25.0,4847.5,False
4,always_buy,,2022-08-23,585,193.9,25.0,4847.5,False
4,always_buy,,2022-08-30,585,185.9,25.0,4647.5,False
4,always_buy,,2022-09-06,585,165.9,25.0,4147.5,False
4,always_buy,,2022-09-13,585,159.9,25.0,3997.5,False
4,always_buy,,2022-09-20,585,193.9,25.0,4847.5,False
4,always_buy,,2022-09-27,585,193.9,25.0,4847.5,False
4,always_buy,,2022-10-04,585,187.9,25.0,4697.5,False
4,always_buy,,2022-10-11,585,173.9,25.0,4347.5,False
4,always_buy,,2022-10-18,585,168.7,25.0,4217.5,False
4,always_buy,,2022-10-25,585,168.7,25.0,4217.5,False
4,always_buy,,2022-08-02,261,159.5,25.0,3987.5,False
4,always_buy,,2022-08-09,261,155.9,25.0,3897.5,False
4,always_buy,,2022-08-16,261,150.9,25.0,3772.5,False
4,always_buy,,2022-08-23,261,193.9,25.0,4847.5,False
4,always_buy,,2022-08-30,261,170.9,25.0,4272.5,False
4,always_buy,,2022-09-06,261,157.9,25.0,3947.5,False
4,always_buy,,2022-09-13,261,149.9,25.0,3747.5,False
4,always_buy,,2022-09-20,261,192.8,25.0,4820.0,False
4,always_buy,,2022-09-27,261,193.9,25.0,4847.5,False
4,always_buy,,2022-10-04,261,187.9,25.0,4697.5,False
4,always_buy,,2022-10-11,261,170.9,25.0,4272.5,False
4,always_buy,,2022-10-18,261,168.4,25.0,4210.0,False
4,always_buy,,2022-10-25,261,168.4,25.0,4210.0,False
4,R0_54,0.25,2022-08-02,414,173.9,25.0,4347.5,False
4,R0_54,0.25,2022-08-09,414,166.9,25.0,4172.5,False
4,R0_54,0.25,2022-08-23,414,193.9,25.0,4847.5,True
4,R0_54,0.25,2022-08-30,414,193.9,25.0,4847.5,True
4,R0_54,0.25,2022-09-06,414,185.9,25.0,4647.5,True
4,R0_54,0.25,2022-09-13,414,185.9,50.0,9295.0,False
4,R0_54,0.25,2022-09-27,414,185.9,25.0,4647.5,True
4,R0_54,0.25,2022-10-04,414,185.9,25.0,4647.5,True
4,R0_54,0.25,2022-10-11,414,185.9,25.0,4647.5,True
4,R0_54,0.25,2022-10-18,414,185.9,25.0,4647.5,True
4,R0_54,0.25,2022-10-25,414,185.9,25.0,4647.5,True
4,R0_54,0.25,2022-08-02,18517,175.9,25.0,4397.5,False
4,R0_54,0.25,2022-08-09,18517,167.9,25.0,4197.5,False
4,R0_54,0.25,2022-08-23,18517,193.9,25.0,4847.5,True
4,R0_54,0.25,2022-08-30,18517,193.9,25.0,4847.5,True
4,R0_54,0.25,2022-09-06,18517,163.9,25.0,4097.5,True
4,R0_54,0.25,2022-09-13,18517,155.9,50.0,7795.0,False
4,R0_54,0.25,2022-09-27,18517,189.9,25.0,4747.5,True
4,R0_54,0.25,2022-10-04,18517,185.9,25.0,4647.5,True
4,R0_54,0.25,2022-10-11,18517,179.9,50.0,8995.0,False
4,R0_54,0.25,2022-10-18,18517,175.9,25.0,4397.5,False
4,R0_54,0.25,2022-10-25,18517,175.9,25.0,4397.5,False
4,R0_54,0.25,2022-08-09,429,166.9,50.0,8345.0,False
4,R0_54,0.25,2022-08-23,429,187.9,25.0,4697.5,True
4,R0_54,0.25,2022-08-30,429,185.9,25.0,4647.5,True
4,R0_54,0.25,2022-09-06,429,163.9,25.0,4097.5,True
4,R0_54,0.25,2022-09-13,429,159.9,50.0,7995.0,False
4,R0_54,0.25,2022-09-20,429,159.9,25.0,3997.5,False
4,R0_54,0.25,2022-10-04,429,185.9,25.0,4647.5,True
4,R0_54,0.25,2022-10-11,429,175.9,50.0,8795.0,False
4,R0_54,0.25,2022-10-18,429,168.5,25.0,4212.5,False
4,R0_54,0.25,2022-10-25,429,171.7,25.0,4292.5,False
4,R0_54,0.25,2022-08-02,585,171.9,25.0,4297.5,False
4,R0_54,0.25,2022-08-09,585,164.9,25.0,4122.5,False
4,R0_54,0.25,2022-08-16,585,193.9,25.0,4847.5,False
4,R0_54,0.25,2022-08-30,585,185.9,25.0,4647.5,True
4,R0_54,0.25,2022-09-06,585,165.9,50.0,8295.0,False
4,R0_54,0.25,2022-09-13,585,159.9,25.0,3997.5,False
4,R0_54,0.25,2022-09-27,585,193.9,25.0,4847.5,True
4,R0_54,0.25,2022-10-04,585,187.9,25.0,4697.5,True
4,R0_54,0.25,2022-10-11,585,173.9,50.0,8695.0,False
4,R0_54,0.25,2022-10-18,585,168.7,25.0,4217.5,False
4,R0_54,0.25,2022-10-25,585,168.7,25.0,4217.5,False
4,R0_54,0.25,2022-08-02,261,159.5,25.0,3987.5,False
4,R0_54,0.25,2022-08-09,261,155.9,25.0,3897.5,False
4,R0_54,0.25,2022-08-16,261,150.9,25.0,3772.5,False
4,R0_54,0.25,2022-08-30,261,170.9,25.0,4272.5,True
4,R0_54,0.25,2022-09-06,261,157.9,50.0,7895.0,False
4,R0_54,0.25,2022-09-13,261,149.9,25.0,3747.5,False
4,R0_54,0.25,2022-09-27,261,193.9,25.0,4847.5,True
4,R0_54,0.25,2022-10-04,261,187.9,25.0,4697.5,True
4,R0_54,0.25,2022-10-11,261,170.9,50.0,8545.0,False
4,R0_54,0.25,2022-10-18,261,168.4,25.0,4210.0,False
4,R0_54,0.25,2022-10-25,261,168.4,25.0,4210.0,False
4,cand_54,0.25,2022-08-02,414,173.9,25.0,4347.5,False
4,cand_54,0.25,2022-08-09,414,166.9,25.0,4172.5,False
4,cand_54,0.25,2022-08-23,414,193.9,25.0,4847.5,True
4,cand_54,0.25,2022-08-30,414,193.9,25.0,4847.5,True
4,cand_54,0.25,2022-09-06,414,185.9,50.0,9295.0,False
4,cand_54,0.25,2022-09-20,414,185.9,50.0,9295.0,False
4,cand_54,0.25,2022-10-04,414,185.9,25.0,4647.5,True
4,cand_54,0.25,2022-10-11,414,185.9,25.0,4647.5,True
4,cand_54,0.25,2022-10-18,414,185.9,25.0,4647.5,True
4,cand_54,0.25,2022-10-25,414,185.9,25.0,4647.5,True
4,cand_54,0.25,2022-08-02,18517,175.9,25.0,4397.5,False
4,cand_54,0.25,2022-08-09,18517,167.9,25.0,4197.5,False
4,cand_54,0.25,2022-08-23,18517,193.9,25.0,4847.5,True
4,cand_54,0.25,2022-08-30,18517,193.9,25.0,4847.5,True
4,cand_54,0.25,2022-09-06,18517,163.9,25.0,4097.5,True
4,cand_54,0.25,2022-09-13,18517,155.9,50.0,7795.0,False
4,cand_54,0.25,2022-09-27,18517,189.9,25.0,4747.5,True
4,cand_54,0.25,2022-10-04,18517,185.9,25.0,4647.5,True
4,cand_54,0.25,2022-10-11,18517,179.9,50.0,8995.0,False
4,cand_54,0.25,2022-10-18,18517,175.9,25.0,4397.5,False
4,cand_54,0.25,2022-10-25,18517,175.9,25.0,4397.5,False
4,cand_54,0.25,2022-08-02,429,173.9,25.0,4347.5,False
4,cand_54,0.25,2022-08-09,429,166.9,25.0,4172.5,False
4,cand_54,0.25,2022-08-23,429,187.9,25.0,4697.5,True
4,cand_54,0.25,2022-08-30,429,185.9,25.0,4647.5,True
4,cand_54,0.25,2022-09-06,429,163.9,25.0,4097.5,True
4,cand_54,0.25,2022-09-13,429,159.9,50.0,7995.0,False
4,cand_54,0.25,2022-09-20,429,159.9,25.0,3997.5,False
4,cand_54,0.25,2022-10-04,429,185.9,25.0,4647.5,True
4,cand_54,0.25,2022-10-11,429,175.9,50.0,8795.0,False
4,cand_54,0.25,2022-10-18,429,168.5,25.0,4212.5,False
4,cand_54,0.25,2022-10-25,429,171.7,25.0,4292.5,False
4,cand_54,0.25,2022-08-02,585,171.9,25.0,4297.5,False
4,cand_54,0.25,2022-08-09,585,164.9,25.0,4122.5,False
4,cand_54,0.25,2022-08-23,585,193.9,25.0,4847.5,True
4,cand_54,0.25,2022-08-30,585,185.9,25.0,4647.5,True
4,cand_54,0.25,2022-09-06,585,165.9,50.0,8295.0,False
4,cand_54,0.25,2022-09-13,585,159.9,25.0,3997.5,False
4,cand_54,0.25,2022-09-27,585,193.9,25.0,4847.5,True
4,cand_54,0.25,2022-10-04,585,187.9,25.0,4697.5,True
4,cand_54,0.25,2022-10-11,585,173.9,50.0,8695.0,False
4,cand_54,0.25,2022-10-18,585,168.7,25.0,4217.5,False
4,cand_54,0.25,2022-10-25,585,168.7,25.0,4217.5,False
4,cand_54,0.25,2022-08-02,261,159.5,25.0,3987.5,False
4,cand_54,0.25,2022-08-09,261,155.9,25.0,3897.5,False
4,cand_54,0.25,2022-08-16,261,150.9,25.0,3772.5,False
4,cand_54,0.25,2022-08-30,261,170.9,25.0,4272.5,True
4,cand_54,0.25,2022-09-06,261,157.9,50.0,7895.0,False
4,cand_54,0.25,2022-09-13,261,149.9,25.0,3747.5,False
4,cand_54,0.25,2022-09-27,261,193.9,25.0,4847.5,True
4,cand_54,0.25,2022-10-04,261,187.9,25.0,4697.5,True
4,cand_54,0.25,2022-10-11,261,170.9,50.0,8545.0,False
4,cand_54,0.25,2022-10-18,261,168.4,25.0,4210.0,False
4,cand_54,0.25,2022-10-25,261,168.4,25.0,4210.0,False
4,R0_64,0.25,2022-08-02,414,173.9,25.0,4347.5,False
4,R0_64,0.25,2022-08-09,414,166.9,25.0,4172.5,False
4,R0_64,0.25,2022-08-23,414,193.9,25.0,4847.5,True
4,R0_64,0.25,2022-08-30,414,193.9,25.0,4847.5,True
4,R0_64,0.25,2022-09-06,414,185.9,25.0,4647.5,True
4,R0_64,0.25,2022-09-13,414,185.9,25.0,4647.5,True
4,R0_64,0.25,2022-09-20,414,185.9,25.0,4647.5,True
4,R0_64,0.25,2022-09-27,414,185.9,25.0,4647.5,True
4,R0_64,0.25,2022-10-04,414,185.9,25.0,4647.5,True
4,R0_64,0.25,2022-10-11,414,185.9,50.0,9295.0,False
4,R0_64,0.25,2022-10-25,414,185.9,25.0,4647.5,True
4,R0_64,0.25,2022-08-02,18517,175.9,25.0,4397.5,False
4,R0_64,0.25,2022-08-09,18517,167.9,25.0,4197.5,False
4,R0_64,0.25,2022-08-23,18517,193.9,25.0,4847.5,True
4,R0_64,0.25,2022-08-30,18517,193.9,25.0,4847.5,True
4,R0_64,0.25,2022-09-06,18517,163.9,25.0,4097.5,True
4,R0_64,0.25,2022-09-13,18517,155.9,50.0,7795.0,False
4,R0_64,0.25,2022-09-27,18517,189.9,25.0,4747.5,True
4,R0_64,0.25,2022-10-04,18517,185.9,25.0,4647.5,True
4,R0_64,0.25,2022-10-11,18517,179.9,50.0,8995.0,False
4,R0_64,0.25,2022-10-18,18517,175.9,25.0,4397.5,False
4,R0_64,0.25,2022-10-25,18517,175.9,25.0,4397.5,False
4,R0_64,0.25,2022-08-09,429,166.9,50.0,8345.0,False
4,R0_64,0.25,2022-08-23,429,187.9,25.0,4697.5,True
4,R0_64,0.25,2022-08-30,429,185.9,25.0,4647.5,True
4,R0_64,0.25,2022-09-06,429,163.9,25.0,4097.5,True
4,R0_64,0.25,2022-09-13,429,159.9,50.0,7995.0,False
4,R0_64,0.25,2022-09-20,429,159.9,25.0,3997.5,False
4,R0_64,0.25,2022-10-04,429,185.9,25.0,4647.5,True
4,R0_64,0.25,2022-10-11,429,175.9,50.0,8795.0,False
4,R0_64,0.25,2022-10-18,429,168.5,25.0,4212.5,False
4,R0_64,0.25,2022-10-25,429,171.7,25.0,4292.5,False
4,R0_64,0.25,2022-08-02,585,171.9,25.0,4297.5,False
4,R0_64,0.25,2022-08-09,585,164.9,25.0,4122.5,False
4,R0_64,0.25,2022-08-23,585,193.9,25.0,4847.5,True
4,R0_64,0.25,2022-08-30,585,185.9,25.0,4647.5,True
4,R0_64,0.25,2022-09-06,585,165.9,50.0,8295.0,False
4,R0_64,0.25,2022-09-13,585,159.9,25.0,3997.5,False
4,R0_64,0.25,2022-09-27,585,193.9,25.0,4847.5,True
4,R0_64,0.25,2022-10-04,585,187.9,25.0,4697.5,True
4,R0_64,0.25,2022-10-11,585,173.9,50.0,8695.0,False
4,R0_64,0.25,2022-10-18,585,168.7,25.0,4217.5,False
4,R0_64,0.25,2022-10-25,585,168.7,25.0,4217.5,False
4,R0_64,0.25,2022-08-02,261,159.5,25.0,3987.5,False
4,R0_64,0.25,2022-08-09,261,155.9,25.0,3897.5,False
4,R0_64,0.25,2022-08-16,261,150.9,25.0,3772.5,False
4,R0_64,0.25,2022-08-30,261,170.9,25.0,4272.5,True
4,R0_64,0.25,2022-09-06,261,157.9,50.0,7895.0,False
4,R0_64,0.25,2022-09-13,261,149.9,25.0,3747.5,False
4,R0_64,0.25,2022-09-27,261,193.9,25.0,4847.5,True
4,R0_64,0.25,2022-10-04,261,187.9,25.0,4697.5,True
4,R0_64,0.25,2022-10-11,261,170.9,50.0,8545.0,False
4,R0_64,0.25,2022-10-18,261,168.4,25.0,4210.0,False
4,R0_64,0.25,2022-10-25,261,168.4,25.0,4210.0,False
5,always_buy,,2022-10-31,414,185.9,25.0,4647.5,False
5,always_buy,,2022-11-07,414,185.9,25.0,4647.5,False
5,always_buy,,2022-11-14,414,185.9,25.0,4647.5,False
5,always_buy,,2022-11-21,414,185.9,25.0,4647.5,False
5,always_buy,,2022-11-28,414,185.9,25.0,4647.5,False
5,always_buy,,2022-12-05,414,185.9,25.0,4647.5,False
5,always_buy,,2022-12-12,414,185.9,25.0,4647.5,False
5,always_buy,,2022-12-19,414,185.9,25.0,4647.5,False
5,always_buy,,2022-12-26,414,185.9,25.0,4647.5,False
5,always_buy,,2023-01-02,414,185.9,25.0,4647.5,False
5,always_buy,,2023-01-09,414,185.9,25.0,4647.5,False
5,always_buy,,2023-01-16,414,185.9,25.0,4647.5,False
5,always_buy,,2023-01-23,414,185.9,25.0,4647.5,False
5,always_buy,,2022-10-31,18517,212.9,25.0,5322.5,False
5,always_buy,,2022-11-07,18517,207.9,25.0,5197.5,False
5,always_buy,,2022-11-14,18517,205.9,25.0,5147.5,False
5,always_buy,,2022-11-21,18517,199.9,25.0,4997.5,False
5,always_buy,,2022-11-28,18517,189.9,25.0,4747.5,False
5,always_buy,,2022-12-05,18517,179.9,25.0,4497.5,False
5,always_buy,,2022-12-12,18517,176.9,25.0,4422.5,False
5,always_buy,,2022-12-19,18517,203.9,25.0,5097.5,False
5,always_buy,,2022-12-26,18517,203.9,25.0,5097.5,False
5,always_buy,,2023-01-02,18517,203.9,25.0,5097.5,False
5,always_buy,,2023-01-09,18517,194.9,25.0,4872.5,False
5,always_buy,,2023-01-16,18517,191.9,25.0,4797.5,False
5,always_buy,,2023-01-23,18517,179.9,25.0,4497.5,False
5,always_buy,,2022-10-31,429,211.9,25.0,5297.5,False
5,always_buy,,2022-11-07,429,208.9,25.0,5222.5,False
5,always_buy,,2022-11-14,429,205.5,25.0,5137.5,False
5,always_buy,,2022-11-21,429,198.5,25.0,4962.5,False
5,always_buy,,2022-11-28,429,190.9,25.0,4772.5,False
5,always_buy,,2022-12-05,429,180.9,25.0,4522.5,False
5,always_buy,,2022-12-12,429,175.9,25.0,4397.5,False
5,always_buy,,2022-12-19,429,202.9,25.0,5072.5,False
5,always_buy,,2022-12-26,429,202.9,25.0,5072.5,False
5,always_buy,,2023-01-02,429,197.9,25.0,4947.5,False
5,always_buy,,2023-01-09,429,189.5,25.0,4737.5,False
5,always_buy,,2023-01-16,429,183.9,25.0,4597.5,False
5,always_buy,,2023-01-23,429,168.9,25.0,4222.5,False
5,always_buy,,2022-10-31,585,212.9,25.0,5322.5,False
5,always_buy,,2022-11-07,585,212.9,25.0,5322.5,False
5,always_buy,,2022-11-14,585,212.9,25.0,5322.5,False
5,always_buy,,2022-11-21,585,199.9,25.0,4997.5,False
5,always_buy,,2022-11-28,585,187.9,25.0,4697.5,False
5,always_buy,,2022-12-05,585,177.9,25.0,4447.5,False
5,always_buy,,2022-12-12,585,169.9,25.0,4247.5,False
5,always_buy,,2022-12-19,585,203.9,25.0,5097.5,False
5,always_buy,,2022-12-26,585,203.9,25.0,5097.5,False
5,always_buy,,2023-01-02,585,197.9,25.0,4947.5,False
5,always_buy,,2023-01-09,585,189.7,25.0,4742.5,False
5,always_buy,,2023-01-16,585,184.9,25.0,4622.5,False
5,always_buy,,2023-01-23,585,169.4,25.0,4235.0,False
5,always_buy,,2022-10-31,261,212.9,25.0,5322.5,False
5,always_buy,,2022-11-07,261,206.9,25.0,5172.5,False
5,always_buy,,2022-11-14,261,194.9,25.0,4872.5,False
5,always_buy,,2022-11-21,261,189.9,25.0,4747.5,False
5,always_buy,,2022-11-28,261,182.9,25.0,4572.5,False
5,always_buy,,2022-12-05,261,168.7,25.0,4217.5,False
5,always_buy,,2022-12-12,261,163.5,25.0,4087.5,False
5,always_buy,,2022-12-19,261,203.9,25.0,5097.5,False
5,always_buy,,2022-12-26,261,203.9,25.0,5097.5,False
5,always_buy,,2023-01-02,261,191.9,25.0,4797.5,False
5,always_buy,,2023-01-09,261,181.9,25.0,4547.5,False
5,always_buy,,2023-01-16,261,162.7,25.0,4067.4999999999995,False
5,always_buy,,2023-01-23,261,161.4,25.0,4035.0,False
5,R0_54,0.25,2022-11-07,414,185.9,25.0,4647.5,True
5,R0_54,0.25,2022-11-14,414,185.9,50.0,9295.0,False
5,R0_54,0.25,2022-11-28,414,185.9,50.0,9295.0,False
5,R0_54,0.25,2022-12-05,414,185.9,25.0,4647.5,False
5,R0_54,0.25,2022-12-19,414,185.9,50.0,9295.0,False
5,R0_54,0.25,2022-12-26,414,185.9,25.0,4647.5,False
5,R0_54,0.25,2023-01-02,414,185.9,25.0,4647.5,False
5,R0_54,0.25,2023-01-16,414,185.9,25.0,4647.5,True
5,R0_54,0.25,2023-01-23,414,185.9,25.0,4647.5,True
5,R0_54,0.25,2022-11-07,18517,207.9,25.0,5197.5,True
5,R0_54,0.25,2022-11-14,18517,205.9,25.0,5147.5,True
5,R0_54,0.25,2022-11-21,18517,199.9,25.0,4997.5,True
5,R0_54,0.25,2022-11-28,18517,189.9,25.0,4747.5,True
5,R0_54,0.25,2022-12-05,18517,179.9,50.0,8995.0,False
5,R0_54,0.25,2022-12-12,18517,176.9,25.0,4422.5,False
5,R0_54,0.25,2022-12-26,18517,203.9,25.0,5097.5,True
5,R0_54,0.25,2023-01-02,18517,203.9,25.0,5097.5,True
5,R0_54,0.25,2023-01-09,18517,194.9,25.0,4872.5,True
5,R0_54,0.25,2023-01-16,18517,191.9,25.0,4797.5,True
5,R0_54,0.25,2023-01-23,18517,179.9,50.0,8995.0,False
5,R0_54,0.25,2022-11-07,429,208.9,25.0,5222.5,True
5,R0_54,0.25,2022-11-14,429,205.5,25.0,5137.5,True
5,R0_54,0.25,2022-11-21,429,198.5,25.0,4962.5,True
5,R0_54,0.25,2022-11-28,429,190.9,25.0,4772.5,True
5,R0_54,0.25,2022-12-05,429,180.9,50.0,9045.0,False
5,R0_54,0.25,2022-12-12,429,175.9,25.0,4397.5,False
5,R0_54,0.25,2022-12-26,429,202.9,25.0,5072.5,True
5,R0_54,0.25,2023-01-02,429,197.9,25.0,4947.5,True
5,R0_54,0.25,2023-01-09,429,189.5,25.0,4737.5,True
5,R0_54,0.25,2023-01-16,429,183.9,25.0,4597.5,True
5,R0_54,0.25,2023-01-23,429,168.9,50.0,8445.0,False
5,R0_54,0.25,2022-11-07,585,212.9,25.0,5322.5,True
5,R0_54,0.25,2022-11-14,585,212.9,25.0,5322.5,True
5,R0_54,0.25,2022-11-21,585,199.9,25.0,4997.5,True
5,R0_54,0.25,2022-11-28,585,187.9,25.0,4697.5,True
5,R0_54,0.25,2022-12-05,585,177.9,50.0,8895.0,False
5,R0_54,0.25,2022-12-12,585,169.9,25.0,4247.5,False
5,R0_54,0.25,2022-12-26,585,203.9,25.0,5097.5,True
5,R0_54,0.25,2023-01-02,585,197.9,25.0,4947.5,True
5,R0_54,0.25,2023-01-09,585,189.7,25.0,4742.5,True
5,R0_54,0.25,2023-01-16,585,184.9,25.0,4622.5,True
5,R0_54,0.25,2023-01-23,585,169.4,50.0,8470.0,False
5,R0_54,0.25,2022-11-07,261,206.9,25.0,5172.5,True
5,R0_54,0.25,2022-11-14,261,194.9,25.0,4872.5,True
5,R0_54,0.25,2022-11-21,261,189.9,25.0,4747.5,True
5,R0_54,0.25,2022-11-28,261,182.9,25.0,4572.5,True
5,R0_54,0.25,2022-12-05,261,168.7,50.0,8435.0,False
5,R0_54,0.25,2022-12-12,261,163.5,25.0,4087.5,False
5,R0_54,0.25,2022-12-26,261,203.9,25.0,5097.5,True
5,R0_54,0.25,2023-01-02,261,191.9,25.0,4797.5,True
5,R0_54,0.25,2023-01-09,261,181.9,25.0,4547.5,True
5,R0_54,0.25,2023-01-16,261,162.7,50.0,8134.999999999999,False
5,R0_54,0.25,2023-01-23,261,161.4,25.0,4035.0,False
5,cand_54,0.25,2022-11-07,414,185.9,25.0,4647.5,True
5,cand_54,0.25,2022-11-14,414,185.9,50.0,9295.0,False
5,cand_54,0.25,2022-11-28,414,185.9,25.0,4647.5,True
5,cand_54,0.25,2022-12-05,414,185.9,25.0,4647.5,True
5,cand_54,0.25,2022-12-12,414,185.9,50.0,9295.0,False
5,cand_54,0.25,2022-12-19,414,185.9,25.0,4647.5,False
5,cand_54,0.25,2022-12-26,414,185.9,25.0,4647.5,False
5,cand_54,0.25,2023-01-09,414,185.9,25.0,4647.5,True
5,cand_54,0.25,2023-01-16,414,185.9,25.0,4647.5,True
5,cand_54,0.25,2023-01-23,414,185.9,25.0,4647.5,True
5,cand_54,0.25,2022-11-07,18517,207.9,25.0,5197.5,True
5,cand_54,0.25,2022-11-14,18517,205.9,25.0,5147.5,True
5,cand_54,0.25,2022-11-21,18517,199.9,25.0,4997.5,True
5,cand_54,0.25,2022-11-28,18517,189.9,25.0,4747.5,True
5,cand_54,0.25,2022-12-05,18517,179.9,50.0,8995.0,False
5,cand_54,0.25,2022-12-12,18517,176.9,25.0,4422.5,False
5,cand_54,0.25,2022-12-26,18517,203.9,25.0,5097.5,True
5,cand_54,0.25,2023-01-02,18517,203.9,25.0,5097.5,True
5,cand_54,0.25,2023-01-09,18517,194.9,25.0,4872.5,True
5,cand_54,0.25,2023-01-16,18517,191.9,25.0,4797.5,True
5,cand_54,0.25,2023-01-23,18517,179.9,50.0,8995.0,False
5,cand_54,0.25,2022-11-07,429,208.9,25.0,5222.5,True
5,cand_54,0.25,2022-11-14,429,205.5,25.0,5137.5,True
5,cand_54,0.25,2022-11-21,429,198.5,25.0,4962.5,True
5,cand_54,0.25,2022-11-28,429,190.9,25.0,4772.5,True
5,cand_54,0.25,2022-12-05,429,180.9,50.0,9045.0,False
5,cand_54,0.25,2022-12-12,429,175.9,25.0,4397.5,False
5,cand_54,0.25,2022-12-26,429,202.9,25.0,5072.5,True
5,cand_54,0.25,2023-01-02,429,197.9,25.0,4947.5,True
5,cand_54,0.25,2023-01-09,429,189.5,25.0,4737.5,True
5,cand_54,0.25,2023-01-16,429,183.9,25.0,4597.5,True
5,cand_54,0.25,2023-01-23,429,168.9,50.0,8445.0,False
5,cand_54,0.25,2022-11-07,585,212.9,25.0,5322.5,True
5,cand_54,0.25,2022-11-14,585,212.9,25.0,5322.5,True
5,cand_54,0.25,2022-11-21,585,199.9,25.0,4997.5,True
5,cand_54,0.25,2022-11-28,585,187.9,25.0,4697.5,True
5,cand_54,0.25,2022-12-05,585,177.9,50.0,8895.0,False
5,cand_54,0.25,2022-12-12,585,169.9,25.0,4247.5,False
5,cand_54,0.25,2022-12-26,585,203.9,25.0,5097.5,True
5,cand_54,0.25,2023-01-02,585,197.9,25.0,4947.5,True
5,cand_54,0.25,2023-01-09,585,189.7,25.0,4742.5,True
5,cand_54,0.25,2023-01-16,585,184.9,25.0,4622.5,True
5,cand_54,0.25,2023-01-23,585,169.4,50.0,8470.0,False
5,cand_54,0.25,2022-11-07,261,206.9,25.0,5172.5,True
5,cand_54,0.25,2022-11-14,261,194.9,25.0,4872.5,True
5,cand_54,0.25,2022-11-21,261,189.9,25.0,4747.5,True
5,cand_54,0.25,2022-11-28,261,182.9,25.0,4572.5,True
5,cand_54,0.25,2022-12-05,261,168.7,50.0,8435.0,False
5,cand_54,0.25,2022-12-12,261,163.5,25.0,4087.5,False
5,cand_54,0.25,2022-12-26,261,203.9,25.0,5097.5,True
5,cand_54,0.25,2023-01-02,261,191.9,25.0,4797.5,True
5,cand_54,0.25,2023-01-09,261,181.9,25.0,4547.5,True
5,cand_54,0.25,2023-01-16,261,162.7,50.0,8134.999999999999,False
5,cand_54,0.25,2023-01-23,261,161.4,25.0,4035.0,False
5,R0_64,0.25,2022-11-07,414,185.9,25.0,4647.5,True
5,R0_64,0.25,2022-11-14,414,185.9,50.0,9295.0,False
5,R0_64,0.25,2022-11-28,414,185.9,50.0,9295.0,False
5,R0_64,0.25,2022-12-12,414,185.9,50.0,9295.0,False
5,R0_64,0.25,2022-12-19,414,185.9,25.0,4647.5,False
5,R0_64,0.25,2022-12-26,414,185.9,25.0,4647.5,False
5,R0_64,0.25,2023-01-09,414,185.9,25.0,4647.5,True
5,R0_64,0.25,2023-01-16,414,185.9,25.0,4647.5,True
5,R0_64,0.25,2023-01-23,414,185.9,50.0,9295.0,False
5,R0_64,0.25,2022-11-07,18517,207.9,25.0,5197.5,True
5,R0_64,0.25,2022-11-14,18517,205.9,25.0,5147.5,True
5,R0_64,0.25,2022-11-21,18517,199.9,25.0,4997.5,True
5,R0_64,0.25,2022-11-28,18517,189.9,50.0,9495.0,False
5,R0_64,0.25,2022-12-05,18517,179.9,25.0,4497.5,False
5,R0_64,0.25,2022-12-12,18517,176.9,25.0,4422.5,False
5,R0_64,0.25,2022-12-26,18517,203.9,25.0,5097.5,True
5,R0_64,0.25,2023-01-02,18517,203.9,25.0,5097.5,True
5,R0_64,0.25,2023-01-09,18517,194.9,25.0,4872.5,True
5,R0_64,0.25,2023-01-16,18517,191.9,25.0,4797.5,True
5,R0_64,0.25,2023-01-23,18517,179.9,50.0,8995.0,False
5,R0_64,0.25,2022-11-07,429,208.9,25.0,5222.5,True
5,R0_64,0.25,2022-11-14,429,205.5,25.0,5137.5,True
5,R0_64,0.25,2022-11-21,429,198.5,25.0,4962.5,True
5,R0_64,0.25,2022-11-28,429,190.9,25.0,4772.5,True
5,R0_64,0.25,2022-12-05,429,180.9,50.0,9045.0,False
5,R0_64,0.25,2022-12-12,429,175.9,25.0,4397.5,False
5,R0_64,0.25,2022-12-26,429,202.9,25.0,5072.5,True
5,R0_64,0.25,2023-01-02,429,197.9,25.0,4947.5,True
5,R0_64,0.25,2023-01-09,429,189.5,25.0,4737.5,True
5,R0_64,0.25,2023-01-16,429,183.9,25.0,4597.5,True
5,R0_64,0.25,2023-01-23,429,168.9,50.0,8445.0,False
5,R0_64,0.25,2022-11-07,585,212.9,25.0,5322.5,True
5,R0_64,0.25,2022-11-14,585,212.9,25.0,5322.5,True
5,R0_64,0.25,2022-11-21,585,199.9,25.0,4997.5,True
5,R0_64,0.25,2022-11-28,585,187.9,25.0,4697.5,True
5,R0_64,0.25,2022-12-05,585,177.9,50.0,8895.0,False
5,R0_64,0.25,2022-12-12,585,169.9,25.0,4247.5,False
5,R0_64,0.25,2022-12-26,585,203.9,25.0,5097.5,True
5,R0_64,0.25,2023-01-02,585,197.9,25.0,4947.5,True
5,R0_64,0.25,2023-01-09,585,189.7,25.0,4742.5,True
5,R0_64,0.25,2023-01-16,585,184.9,25.0,4622.5,True
5,R0_64,0.25,2023-01-23,585,169.4,50.0,8470.0,False
5,R0_64,0.25,2022-11-07,261,206.9,25.0,5172.5,True
5,R0_64,0.25,2022-11-14,261,194.9,25.0,4872.5,True
5,R0_64,0.25,2022-11-21,261,189.9,25.0,4747.5,True
5,R0_64,0.25,2022-11-28,261,182.9,25.0,4572.5,True
5,R0_64,0.25,2022-12-05,261,168.7,50.0,8435.0,False
5,R0_64,0.25,2022-12-12,261,163.5,25.0,4087.5,False
5,R0_64,0.25,2022-12-26,261,203.9,25.0,5097.5,True
5,R0_64,0.25,2023-01-02,261,191.9,25.0,4797.5,True
5,R0_64,0.25,2023-01-09,261,181.9,25.0,4547.5,True
5,R0_64,0.25,2023-01-16,261,162.7,50.0,8134.999999999999,False
5,R0_64,0.25,2023-01-23,261,161.4,25.0,4035.0,False
6,always_buy,,2023-01-29,414,185.9,25.0,4647.5,False
6,always_buy,,2023-02-05,414,185.9,25.0,4647.5,False
6,always_buy,,2023-02-12,414,185.9,25.0,4647.5,False
6,always_buy,,2023-02-19,414,185.9,25.0,4647.5,False
6,always_buy,,2023-02-26,414,185.9,25.0,4647.5,False
6,always_buy,,2023-03-05,414,185.9,25.0,4647.5,False
6,always_buy,,2023-03-12,414,185.9,25.0,4647.5,False
6,always_buy,,2023-03-19,414,185.9,25.0,4647.5,False
6,always_buy,,2023-03-26,414,185.9,25.0,4647.5,False
6,always_buy,,2023-04-02,414,185.9,25.0,4647.5,False
6,always_buy,,2023-04-09,414,185.9,25.0,4647.5,False
6,always_buy,,2023-04-16,414,185.9,25.0,4647.5,False
6,always_buy,,2023-04-23,414,185.9,25.0,4647.5,False
6,always_buy,,2023-01-29,18517,179.9,25.0,4497.5,False
6,always_buy,,2023-02-05,18517,209.9,25.0,5247.5,False
6,always_buy,,2023-02-12,18517,209.9,25.0,5247.5,False
6,always_buy,,2023-02-19,18517,205.9,25.0,5147.5,False
6,always_buy,,2023-02-26,18517,197.9,25.0,4947.5,False
6,always_buy,,2023-03-05,18517,185.9,25.0,4647.5,False
6,always_buy,,2023-03-12,18517,177.9,25.0,4447.5,False
6,always_buy,,2023-03-19,18517,209.9,25.0,5247.5,False
6,always_buy,,2023-03-26,18517,209.9,25.0,5247.5,False
6,always_buy,,2023-04-02,18517,207.9,25.0,5197.5,False
6,always_buy,,2023-04-09,18517,205.9,25.0,5147.5,False
6,always_buy,,2023-04-16,18517,203.9,25.0,5097.5,False
6,always_buy,,2023-04-23,18517,195.9,25.0,4897.5,False
6,always_buy,,2023-01-29,429,168.9,25.0,4222.5,False
6,always_buy,,2023-02-05,429,207.9,25.0,5197.5,False
6,always_buy,,2023-02-12,429,207.9,25.0,5197.5,False
6,always_buy,,2023-02-19,429,201.9,25.0,5047.5,False
6,always_buy,,2023-02-26,429,193.9,25.0,4847.5,False
6,always_buy,,2023-03-05,429,177.9,25.0,4447.5,False
6,always_buy,,2023-03-12,429,175.9,25.0,4397.5,False
6,always_buy,,2023-03-19,429,177.9,25.0,4447.5,False
6,always_buy,,2023-03-26,429,207.9,25.0,5197.5,False
6,always_buy,,2023-04-02,429,205.9,25.0,5147.5,False
6,always_buy,,2023-04-09,429,199.9,25.0,4997.5,False
6,always_buy,,2023-04-16,429,196.9,25.0,4922.5,False
6,always_buy,,2023-04-23,429,186.5,25.0,4662.5,False
6,always_buy,,2023-01-29,585,169.4,25.0,4235.0,False
6,always_buy,,2023-02-05,585,209.9,25.0,5247.5,False
6,always_buy,,2023-02-12,585,209.9,25.0,5247.5,False
6,always_buy,,2023-02-19,585,202.9,25.0,5072.5,False
6,always_buy,,2023-02-26,585,194.5,25.0,4862.5,False
6,always_buy,,2023-03-05,585,179.5,25.0,4487.5,False
6,always_buy,,2023-03-12,585,178.9,25.0,4472.5,False
6,always_buy,,2023-03-19,585,209.9,25.0,5247.5,False
6,always_buy,,2023-03-26,585,209.9,25.0,5247.5,False
6,always_buy,,2023-04-02,585,205.9,25.0,5147.5,False
6,always_buy,,2023-04-09,585,199.9,25.0,4997.5,False
6,always_buy,,2023-04-16,585,199.9,25.0,4997.5,False
6,always_buy,,2023-04-23,585,186.5,25.0,4662.5,False
6,always_buy,,2023-01-29,261,163.9,25.0,4097.5,False
6,always_buy,,2023-02-05,261,209.9,25.0,5247.5,False
6,always_buy,,2023-02-12,261,207.9,25.0,5197.5,False
6,always_buy,,2023-02-19,261,197.9,25.0,4947.5,False
6,always_buy,,2023-02-26,261,183.9,25.0,4597.5,False
6,always_buy,,2023-03-05,261,175.9,25.0,4397.5,False
6,always_buy,,2023-03-12,261,177.9,25.0,4447.5,False
6,always_buy,,2023-03-19,261,177.9,25.0,4447.5,False
6,always_buy,,2023-03-26,261,209.9,25.0,5247.5,False
6,always_buy,,2023-04-02,261,199.9,25.0,4997.5,False
6,always_buy,,2023-04-09,261,199.9,25.0,4997.5,False
6,always_buy,,2023-04-16,261,195.9,25.0,4897.5,False
6,always_buy,,2023-04-23,261,179.7,25.0,4492.5,False
6,R0_54,0.25,2023-02-05,414,185.9,25.0,4647.5,True
6,R0_54,0.25,2023-02-12,414,185.9,25.0,4647.5,True
6,R0_54,0.25,2023-02-19,414,185.9,25.0,4647.5,True
6,R0_54,0.25,2023-02-26,414,185.9,25.0,4647.5,True
6,R0_54,0.25,2023-03-05,414,185.9,25.0,4647.5,True
6,R0_54,0.25,2023-03-12,414,185.9,50.0,9295.0,False
6,R0_54,0.25,2023-03-26,414,185.9,25.0,4647.5,True
6,R0_54,0.25,2023-04-02,414,185.9,25.0,4647.5,True
6,R0_54,0.25,2023-04-09,414,185.9,25.0,4647.5,True
6,R0_54,0.25,2023-04-16,414,185.9,25.0,4647.5,True
6,R0_54,0.25,2023-04-23,414,185.9,25.0,4647.5,True
6,R0_54,0.25,2023-01-29,18517,179.9,25.0,4497.5,False
6,R0_54,0.25,2023-02-12,18517,209.9,25.0,5247.5,True
6,R0_54,0.25,2023-02-19,18517,205.9,25.0,5147.5,True
6,R0_54,0.25,2023-02-26,18517,197.9,25.0,4947.5,True
6,R0_54,0.25,2023-03-05,18517,185.9,25.0,4647.5,True
6,R0_54,0.25,2023-03-12,18517,177.9,50.0,8895.0,False
6,R0_54,0.25,2023-03-26,18517,209.9,25.0,5247.5,True
6,R0_54,0.25,2023-04-02,18517,207.9,25.0,5197.5,True
6,R0_54,0.25,2023-04-09,18517,205.9,25.0,5147.5,True
6,R0_54,0.25,2023-04-16,18517,203.9,25.0,5097.5,True
6,R0_54,0.25,2023-04-23,18517,195.9,25.0,4897.5,True
6,R0_54,0.25,2023-01-29,429,168.9,25.0,4222.5,False
6,R0_54,0.25,2023-02-12,429,207.9,25.0,5197.5,True
6,R0_54,0.25,2023-02-19,429,201.9,25.0,5047.5,True
6,R0_54,0.25,2023-02-26,429,193.9,25.0,4847.5,True
6,R0_54,0.25,2023-03-05,429,177.9,50.0,8895.0,False
6,R0_54,0.25,2023-03-12,429,175.9,25.0,4397.5,False
6,R0_54,0.25,2023-03-19,429,177.9,25.0,4447.5,False
6,R0_54,0.25,2023-04-02,429,205.9,25.0,5147.5,True
6,R0_54,0.25,2023-04-09,429,199.9,25.0,4997.5,True
6,R0_54,0.25,2023-04-16,429,196.9,25.0,4922.5,True
6,R0_54,0.25,2023-04-23,429,186.5,25.0,4662.5,True
6,R0_54,0.25,2023-01-29,585,169.4,25.0,4235.0,False
6,R0_54,0.25,2023-02-12,585,209.9,25.0,5247.5,True
6,R0_54,0.25,2023-02-19,585,202.9,25.0,5072.5,True
6,R0_54,0.25,2023-02-26,585,194.5,25.0,4862.5,True
6,R0_54,0.25,2023-03-05,585,179.5,50.0,8975.0,False
6,R0_54,0.25,2023-03-12,585,178.9,25.0,4472.5,False
6,R0_54,0.25,2023-03-26,585,209.9,25.0,5247.5,True
6,R0_54,0.25,2023-04-02,585,205.9,25.0,5147.5,True
6,R0_54,0.25,2023-04-09,585,199.9,25.0,4997.5,True
6,R0_54,0.25,2023-04-16,585,199.9,25.0,4997.5,True
6,R0_54,0.25,2023-04-23,585,186.5,25.0,4662.5,True
6,R0_54,0.25,2023-01-29,261,163.9,25.0,4097.5,False
6,R0_54,0.25,2023-02-12,261,207.9,25.0,5197.5,True
6,R0_54,0.25,2023-02-19,261,197.9,25.0,4947.5,True
6,R0_54,0.25,2023-02-26,261,183.9,25.0,4597.5,True
6,R0_54,0.25,2023-03-05,261,175.9,50.0,8795.0,False
6,R0_54,0.25,2023-03-12,261,177.9,25.0,4447.5,False
6,R0_54,0.25,2023-03-19,261,177.9,25.0,4447.5,False
6,R0_54,0.25,2023-04-02,261,199.9,25.0,4997.5,True
6,R0_54,0.25,2023-04-09,261,199.9,25.0,4997.5,True
6,R0_54,0.25,2023-04-16,261,195.9,25.0,4897.5,True
6,R0_54,0.25,2023-04-23,261,179.7,50.0,8985.0,False
6,cand_54,0.25,2023-02-05,414,185.9,25.0,4647.5,True
6,cand_54,0.25,2023-02-12,414,185.9,25.0,4647.5,True
6,cand_54,0.25,2023-02-19,414,185.9,25.0,4647.5,True
6,cand_54,0.25,2023-02-26,414,185.9,25.0,4647.5,True
6,cand_54,0.25,2023-03-05,414,185.9,25.0,4647.5,True
6,cand_54,0.25,2023-03-12,414,185.9,50.0,9295.0,False
6,cand_54,0.25,2023-03-19,414,185.9,25.0,4647.5,False
6,cand_54,0.25,2023-04-02,414,185.9,25.0,4647.5,True
6,cand_54,0.25,2023-04-09,414,185.9,25.0,4647.5,True
6,cand_54,0.25,2023-04-16,414,185.9,25.0,4647.5,True
6,cand_54,0.25,2023-04-23,414,185.9,25.0,4647.5,True
6,cand_54,0.25,2023-01-29,18517,179.9,25.0,4497.5,False
6,cand_54,0.25,2023-02-12,18517,209.9,25.0,5247.5,True
6,cand_54,0.25,2023-02-19,18517,205.9,25.0,5147.5,True
6,cand_54,0.25,2023-02-26,18517,197.9,25.0,4947.5,True
6,cand_54,0.25,2023-03-05,18517,185.9,25.0,4647.5,True
6,cand_54,0.25,2023-03-12,18517,177.9,50.0,8895.0,False
6,cand_54,0.25,2023-03-26,18517,209.9,25.0,5247.5,True
6,cand_54,0.25,2023-04-02,18517,207.9,25.0,5197.5,True
6,cand_54,0.25,2023-04-09,18517,205.9,25.0,5147.5,True
6,cand_54,0.25,2023-04-16,18517,203.9,25.0,5097.5,True
6,cand_54,0.25,2023-04-23,18517,195.9,25.0,4897.5,True
6,cand_54,0.25,2023-01-29,429,168.9,25.0,4222.5,False
6,cand_54,0.25,2023-02-12,429,207.9,25.0,5197.5,True
6,cand_54,0.25,2023-02-19,429,201.9,25.0,5047.5,True
6,cand_54,0.25,2023-02-26,429,193.9,25.0,4847.5,True
6,cand_54,0.25,2023-03-05,429,177.9,50.0,8895.0,False
6,cand_54,0.25,2023-03-12,429,175.9,25.0,4397.5,False
6,cand_54,0.25,2023-03-19,429,177.9,25.0,4447.5,False
6,cand_54,0.25,2023-04-02,429,205.9,25.0,5147.5,True
6,cand_54,0.25,2023-04-09,429,199.9,25.0,4997.5,True
6,cand_54,0.25,2023-04-16,429,196.9,25.0,4922.5,True
6,cand_54,0.25,2023-04-23,429,186.5,25.0,4662.5,True
6,cand_54,0.25,2023-01-29,585,169.4,25.0,4235.0,False
6,cand_54,0.25,2023-02-12,585,209.9,25.0,5247.5,True
6,cand_54,0.25,2023-02-19,585,202.9,25.0,5072.5,True
6,cand_54,0.25,2023-02-26,585,194.5,25.0,4862.5,True
6,cand_54,0.25,2023-03-05,585,179.5,50.0,8975.0,False
6,cand_54,0.25,2023-03-12,585,178.9,25.0,4472.5,False
6,cand_54,0.25,2023-03-26,585,209.9,25.0,5247.5,True
6,cand_54,0.25,2023-04-02,585,205.9,25.0,5147.5,True
6,cand_54,0.25,2023-04-09,585,199.9,25.0,4997.5,True
6,cand_54,0.25,2023-04-16,585,199.9,25.0,4997.5,True
6,cand_54,0.25,2023-04-23,585,186.5,25.0,4662.5,True
6,cand_54,0.25,2023-01-29,261,163.9,25.0,4097.5,False
6,cand_54,0.25,2023-02-12,261,207.9,25.0,5197.5,True
6,cand_54,0.25,2023-02-19,261,197.9,25.0,4947.5,True
6,cand_54,0.25,2023-02-26,261,183.9,25.0,4597.5,True
6,cand_54,0.25,2023-03-05,261,175.9,50.0,8795.0,False
6,cand_54,0.25,2023-03-12,261,177.9,25.0,4447.5,False
6,cand_54,0.25,2023-03-19,261,177.9,25.0,4447.5,False
6,cand_54,0.25,2023-04-02,261,199.9,25.0,4997.5,True
6,cand_54,0.25,2023-04-09,261,199.9,25.0,4997.5,True
6,cand_54,0.25,2023-04-16,261,195.9,25.0,4897.5,True
6,cand_54,0.25,2023-04-23,261,179.7,25.0,4492.5,True
6,R0_64,0.25,2023-02-05,414,185.9,25.0,4647.5,True
6,R0_64,0.25,2023-02-12,414,185.9,25.0,4647.5,True
6,R0_64,0.25,2023-02-19,414,185.9,25.0,4647.5,True
6,R0_64,0.25,2023-02-26,414,185.9,25.0,4647.5,True
6,R0_64,0.25,2023-03-05,414,185.9,25.0,4647.5,True
6,R0_64,0.25,2023-03-12,414,185.9,50.0,9295.0,False
6,R0_64,0.25,2023-03-26,414,185.9,25.0,4647.5,True
6,R0_64,0.25,2023-04-02,414,185.9,25.0,4647.5,True
6,R0_64,0.25,2023-04-09,414,185.9,25.0,4647.5,True
6,R0_64,0.25,2023-04-16,414,185.9,25.0,4647.5,True
6,R0_64,0.25,2023-04-23,414,185.9,25.0,4647.5,True
6,R0_64,0.25,2023-01-29,18517,179.9,25.0,4497.5,False
6,R0_64,0.25,2023-02-12,18517,209.9,25.0,5247.5,True
6,R0_64,0.25,2023-02-19,18517,205.9,25.0,5147.5,True
6,R0_64,0.25,2023-02-26,18517,197.9,25.0,4947.5,True
6,R0_64,0.25,2023-03-05,18517,185.9,25.0,4647.5,True
6,R0_64,0.25,2023-03-12,18517,177.9,50.0,8895.0,False
6,R0_64,0.25,2023-03-26,18517,209.9,25.0,5247.5,True
6,R0_64,0.25,2023-04-02,18517,207.9,25.0,5197.5,True
6,R0_64,0.25,2023-04-09,18517,205.9,25.0,5147.5,True
6,R0_64,0.25,2023-04-16,18517,203.9,25.0,5097.5,True
6,R0_64,0.25,2023-04-23,18517,195.9,25.0,4897.5,True
6,R0_64,0.25,2023-01-29,429,168.9,25.0,4222.5,False
6,R0_64,0.25,2023-02-12,429,207.9,25.0,5197.5,True
6,R0_64,0.25,2023-02-19,429,201.9,25.0,5047.5,True
6,R0_64,0.25,2023-02-26,429,193.9,25.0,4847.5,True
6,R0_64,0.25,2023-03-05,429,177.9,50.0,8895.0,False
6,R0_64,0.25,2023-03-12,429,175.9,25.0,4397.5,False
6,R0_64,0.25,2023-03-19,429,177.9,25.0,4447.5,False
6,R0_64,0.25,2023-04-02,429,205.9,25.0,5147.5,True
6,R0_64,0.25,2023-04-09,429,199.9,25.0,4997.5,True
6,R0_64,0.25,2023-04-16,429,196.9,25.0,4922.5,True
6,R0_64,0.25,2023-04-23,429,186.5,25.0,4662.5,True
6,R0_64,0.25,2023-01-29,585,169.4,25.0,4235.0,False
6,R0_64,0.25,2023-02-12,585,209.9,25.0,5247.5,True
6,R0_64,0.25,2023-02-19,585,202.9,25.0,5072.5,True
6,R0_64,0.25,2023-02-26,585,194.5,25.0,4862.5,True
6,R0_64,0.25,2023-03-05,585,179.5,50.0,8975.0,False
6,R0_64,0.25,2023-03-12,585,178.9,25.0,4472.5,False
6,R0_64,0.25,2023-03-26,585,209.9,25.0,5247.5,True
6,R0_64,0.25,2023-04-02,585,205.9,25.0,5147.5,True
6,R0_64,0.25,2023-04-09,585,199.9,25.0,4997.5,True
6,R0_64,0.25,2023-04-16,585,199.9,25.0,4997.5,True
6,R0_64,0.25,2023-04-23,585,186.5,25.0,4662.5,True
6,R0_64,0.25,2023-01-29,261,163.9,25.0,4097.5,False
6,R0_64,0.25,2023-02-12,261,207.9,25.0,5197.5,True
6,R0_64,0.25,2023-02-19,261,197.9,25.0,4947.5,True
6,R0_64,0.25,2023-02-26,261,183.9,25.0,4597.5,True
6,R0_64,0.25,2023-03-05,261,175.9,50.0,8795.0,False
6,R0_64,0.25,2023-03-12,261,177.9,25.0,4447.5,False
6,R0_64,0.25,2023-03-19,261,177.9,25.0,4447.5,False
6,R0_64,0.25,2023-04-02,261,199.9,25.0,4997.5,True
6,R0_64,0.25,2023-04-09,261,199.9,25.0,4997.5,True
6,R0_64,0.25,2023-04-16,261,195.9,25.0,4897.5,True
6,R0_64,0.25,2023-04-23,261,179.7,25.0,4492.5,True
7,always_buy,,2023-04-29,414,185.9,25.0,4647.5,False
7,always_buy,,2023-05-06,414,185.9,25.0,4647.5,False
7,always_buy,,2023-05-13,414,185.9,25.0,4647.5,False
7,always_buy,,2023-05-20,414,185.9,25.0,4647.5,False
7,always_buy,,2023-05-27,414,165.9,25.0,4147.5,False
7,always_buy,,2023-06-03,414,165.9,25.0,4147.5,False
7,always_buy,,2023-06-10,414,165.9,25.0,4147.5,False
7,always_buy,,2023-06-17,414,165.9,25.0,4147.5,False
7,always_buy,,2023-06-24,414,165.9,25.0,4147.5,False
7,always_buy,,2023-07-01,414,165.9,25.0,4147.5,False
7,always_buy,,2023-07-08,414,165.9,25.0,4147.5,False
7,always_buy,,2023-07-15,414,165.9,25.0,4147.5,False
7,always_buy,,2023-07-22,414,179.9,25.0,4497.5,False
7,always_buy,,2023-04-29,18517,186.9,25.0,4672.5,False
7,always_buy,,2023-05-06,18517,179.9,25.0,4497.5,False
7,always_buy,,2023-05-13,18517,169.9,25.0,4247.5,False
7,always_buy,,2023-05-20,18517,169.9,25.0,4247.5,False
7,always_buy,,2023-05-27,18517,205.9,25.0,5147.5,False
7,always_buy,,2023-06-03,18517,203.9,25.0,5097.5,False
7,always_buy,,2023-06-10,18517,203.9,25.0,5097.5,False
7,always_buy,,2023-06-17,18517,192.9,25.0,4822.5,False
7,always_buy,,2023-06-24,18517,187.9,25.0,4697.5,False
7,always_buy,,2023-07-01,18517,173.9,25.0,4347.5,False
7,always_buy,,2023-07-08,18517,207.9,25.0,5197.5,False
7,always_buy,,2023-07-15,18517,207.9,25.0,5197.5,False
7,always_buy,,2023-07-22,18517,195.9,25.0,4897.5,False
7,always_buy,,2023-04-29,429,182.5,25.0,4562.5,False
7,always_buy,,2023-05-06,429,176.5,25.0,4412.5,False
7,always_buy,,2023-05-13,429,168.9,25.0,4222.5,False
7,always_buy,,2023-05-20,429,164.9,25.0,4122.5,False
7,always_buy,,2023-05-27,429,165.9,25.0,4147.5,False
7,always_buy,,2023-06-03,429,199.9,25.0,4997.5,False
7,always_buy,,2023-06-10,429,193.9,25.0,4847.5,False
7,always_buy,,2023-06-17,429,186.5,25.0,4662.5,False
7,always_buy,,2023-06-24,429,176.9,25.0,4422.5,False
7,always_buy,,2023-07-01,429,166.9,25.0,4172.5,False
7,always_buy,,2023-07-08,429,206.9,25.0,5172.5,False
7,always_buy,,2023-07-15,429,205.9,25.0,5147.5,False
7,always_buy,,2023-07-22,429,193.9,25.0,4847.5,False
7,always_buy,,2023-04-29,585,182.9,25.0,4572.5,False
7,always_buy,,2023-05-06,585,176.7,25.0,4417.5,False
7,always_buy,,2023-05-13,585,170.9,25.0,4272.5,False
7,always_buy,,2023-05-20,585,166.9,25.0,4172.5,False
7,always_buy,,2023-05-27,585,205.9,25.0,5147.5,False
7,always_buy,,2023-06-03,585,205.9,25.0,5147.5,False
7,always_buy,,2023-06-10,585,197.9,25.0,4947.5,False
7,always_buy,,2023-06-17,585,188.5,25.0,4712.5,False
7,always_buy,,2023-06-24,585,176.9,25.0,4422.5,False
7,always_buy,,2023-07-01,585,166.9,25.0,4172.5,False
7,always_buy,,2023-07-08,585,207.9,25.0,5197.5,False
7,always_buy,,2023-07-15,585,203.9,25.0,5097.5,False
7,always_buy,,2023-07-22,585,193.9,25.0,4847.5,False
7,always_buy,,2023-04-29,261,176.9,25.0,4422.5,False
7,always_buy,,2023-05-06,261,171.7,25.0,4292.5,False
7,always_buy,,2023-05-13,261,167.9,25.0,4197.5,False
7,always_buy,,2023-05-20,261,161.9,25.0,4047.5,False
7,always_buy,,2023-05-27,261,159.9,25.0,3997.5,False
7,always_buy,,2023-06-03,261,205.9,25.0,5147.5,False
7,always_buy,,2023-06-10,261,197.9,25.0,4947.5,False
7,always_buy,,2023-06-17,261,181.9,25.0,4547.5,False
7,always_buy,,2023-06-24,261,177.5,25.0,4437.5,False
7,always_buy,,2023-07-01,261,161.9,25.0,4047.5,False
7,always_buy,,2023-07-08,261,207.9,25.0,5197.5,False
7,always_buy,,2023-07-15,261,195.9,25.0,4897.5,False
7,always_buy,,2023-07-22,261,189.9,25.0,4747.5,False
7,R0_54,0.25,2023-05-06,414,185.9,50.0,9295.0,False
7,R0_54,0.25,2023-05-13,414,185.9,25.0,4647.5,False
7,R0_54,0.25,2023-05-20,414,185.9,25.0,4647.5,False
7,R0_54,0.25,2023-05-27,414,165.9,25.0,4147.5,False
7,R0_54,0.25,2023-06-03,414,165.9,25.0,4147.5,False
7,R0_54,0.25,2023-06-17,414,165.9,25.0,4147.5,True
7,R0_54,0.25,2023-06-24,414,165.9,50.0,8295.0,False
7,R0_54,0.25,2023-07-01,414,165.9,25.0,4147.5,False
7,R0_54,0.25,2023-07-08,414,165.9,25.0,4147.5,False
7,R0_54,0.25,2023-07-15,414,165.9,25.0,4147.5,False
7,R0_54,0.25,2023-04-29,18517,186.9,25.0,4672.5,False
7,R0_54,0.25,2023-05-06,18517,179.9,25.0,4497.5,False
7,R0_54,0.25,2023-05-13,18517,169.9,25.0,4247.5,False
7,R0_54,0.25,2023-05-20,18517,169.9,25.0,4247.5,False
7,R0_54,0.25,2023-06-03,18517,203.9,25.0,5097.5,True
7,R0_54,0.25,2023-06-10,18517,203.9,25.0,5097.5,True
7,R0_54,0.25,2023-06-17,18517,192.9,25.0,4822.5,True
7,R0_54,0.25,2023-06-24,18517,187.9,25.0,4697.5,True
7,R0_54,0.25,2023-07-01,18517,173.9,50.0,8695.0,False
7,R0_54,0.25,2023-07-15,18517,207.9,25.0,5197.5,True
7,R0_54,0.25,2023-07-22,18517,195.9,25.0,4897.5,True
7,R0_54,0.25,2023-05-06,429,176.5,50.0,8825.0,False
7,R0_54,0.25,2023-05-13,429,168.9,25.0,4222.5,False
7,R0_54,0.25,2023-05-20,429,164.9,25.0,4122.5,False
7,R0_54,0.25,2023-05-27,429,165.9,25.0,4147.5,False
7,R0_54,0.25,2023-06-10,429,193.9,25.0,4847.5,True
7,R0_54,0.25,2023-06-17,429,186.5,25.0,4662.5,True
7,R0_54,0.25,2023-06-24,429,176.9,50.0,8845.0,False
7,R0_54,0.25,2023-07-01,429,166.9,25.0,4172.5,False
7,R0_54,0.25,2023-07-15,429,205.9,25.0,5147.5,True
7,R0_54,0.25,2023-07-22,429,193.9,25.0,4847.5,True
7,R0_54,0.25,2023-05-06,585,176.7,50.0,8835.0,False
7,R0_54,0.25,2023-05-13,585,170.9,25.0,4272.5,False
7,R0_54,0.25,2023-05-20,585,166.9,25.0,4172.5,False
7,R0_54,0.25,2023-06-03,585,205.9,25.0,5147.5,True
7,R0_54,0.25,2023-06-10,585,197.9,25.0,4947.5,True
7,R0_54,0.25,2023-06-17,585,188.5,25.0,4712.5,True
7,R0_54,0.25,2023-06-24,585,176.9,50.0,8845.0,False
7,R0_54,0.25,2023-07-01,585,166.9,25.0,4172.5,False
7,R0_54,0.25,2023-07-15,585,203.9,25.0,5097.5,True
7,R0_54,0.25,2023-07-22,585,193.9,25.0,4847.5,True
7,R0_54,0.25,2023-04-29,261,176.9,25.0,4422.5,False
7,R0_54,0.25,2023-05-06,261,171.7,25.0,4292.5,False
7,R0_54,0.25,2023-05-13,261,167.9,25.0,4197.5,False
7,R0_54,0.25,2023-05-20,261,161.9,25.0,4047.5,False
7,R0_54,0.25,2023-05-27,261,159.9,25.0,3997.5,False
7,R0_54,0.25,2023-06-10,261,197.9,25.0,4947.5,True
7,R0_54,0.25,2023-06-17,261,181.9,25.0,4547.5,True
7,R0_54,0.25,2023-06-24,261,177.5,25.0,4437.5,True
7,R0_54,0.25,2023-07-01,261,161.9,50.0,8095.0,False
7,R0_54,0.25,2023-07-15,261,195.9,25.0,4897.5,True
7,R0_54,0.25,2023-07-22,261,189.9,25.0,4747.5,True
7,cand_54,0.25,2023-05-06,414,185.9,25.0,4647.5,True
7,cand_54,0.25,2023-05-13,414,185.9,50.0,9295.0,False
7,cand_54,0.25,2023-05-20,414,185.9,25.0,4647.5,False
7,cand_54,0.25,2023-05-27,414,165.9,25.0,4147.5,False
7,cand_54,0.25,2023-06-03,414,165.9,25.0,4147.5,False
7,cand_54,0.25,2023-06-17,414,165.9,25.0,4147.5,True
7,cand_54,0.25,2023-06-24,414,165.9,50.0,8295.0,False
7,cand_54,0.25,2023-07-01,414,165.9,25.0,4147.5,False
7,cand_54,0.25,2023-07-08,414,165.9,25.0,4147.5,False
7,cand_54,0.25,2023-07-15,414,165.9,25.0,4147.5,False
7,cand_54,0.25,2023-05-06,18517,179.9,50.0,8995.0,False
7,cand_54,0.25,2023-05-13,18517,169.9,25.0,4247.5,False
7,cand_54,0.25,2023-05-20,18517,169.9,25.0,4247.5,False
7,cand_54,0.25,2023-06-03,18517,203.9,25.0,5097.5,True
7,cand_54,0.25,2023-06-10,18517,203.9,25.0,5097.5,True
7,cand_54,0.25,2023-06-17,18517,192.9,25.0,4822.5,True
7,cand_54,0.25,2023-06-24,18517,187.9,25.0,4697.5,True
7,cand_54,0.25,2023-07-01,18517,173.9,50.0,8695.0,False
7,cand_54,0.25,2023-07-15,18517,207.9,25.0,5197.5,True
7,cand_54,0.25,2023-07-22,18517,195.9,25.0,4897.5,True
7,cand_54,0.25,2023-05-06,429,176.5,50.0,8825.0,False
7,cand_54,0.25,2023-05-13,429,168.9,25.0,4222.5,False
7,cand_54,0.25,2023-05-20,429,164.9,25.0,4122.5,False
7,cand_54,0.25,2023-05-27,429,165.9,25.0,4147.5,False
7,cand_54,0.25,2023-06-10,429,193.9,25.0,4847.5,True
7,cand_54,0.25,2023-06-17,429,186.5,25.0,4662.5,True
7,cand_54,0.25,2023-06-24,429,176.9,50.0,8845.0,False
7,cand_54,0.25,2023-07-01,429,166.9,25.0,4172.5,False
7,cand_54,0.25,2023-07-15,429,205.9,25.0,5147.5,True
7,cand_54,0.25,2023-07-22,429,193.9,25.0,4847.5,True
7,cand_54,0.25,2023-05-06,585,176.7,50.0,8835.0,False
7,cand_54,0.25,2023-05-13,585,170.9,25.0,4272.5,False
7,cand_54,0.25,2023-05-20,585,166.9,25.0,4172.5,False
7,cand_54,0.25,2023-06-03,585,205.9,25.0,5147.5,True
7,cand_54,0.25,2023-06-10,585,197.9,25.0,4947.5,True
7,cand_54,0.25,2023-06-17,585,188.5,25.0,4712.5,True
7,cand_54,0.25,2023-06-24,585,176.9,50.0,8845.0,False
7,cand_54,0.25,2023-07-01,585,166.9,25.0,4172.5,False
7,cand_54,0.25,2023-07-15,585,203.9,25.0,5097.5,True
7,cand_54,0.25,2023-07-22,585,193.9,25.0,4847.5,True
7,cand_54,0.25,2023-04-29,261,176.9,25.0,4422.5,False
7,cand_54,0.25,2023-05-06,261,171.7,25.0,4292.5,False
7,cand_54,0.25,2023-05-13,261,167.9,25.0,4197.5,False
7,cand_54,0.25,2023-05-20,261,161.9,25.0,4047.5,False
7,cand_54,0.25,2023-05-27,261,159.9,25.0,3997.5,False
7,cand_54,0.25,2023-06-10,261,197.9,25.0,4947.5,True
7,cand_54,0.25,2023-06-17,261,181.9,25.0,4547.5,True
7,cand_54,0.25,2023-06-24,261,177.5,25.0,4437.5,True
7,cand_54,0.25,2023-07-01,261,161.9,50.0,8095.0,False
7,cand_54,0.25,2023-07-15,261,195.9,25.0,4897.5,True
7,cand_54,0.25,2023-07-22,261,189.9,25.0,4747.5,True
7,R0_64,0.25,2023-05-06,414,185.9,25.0,4647.5,True
7,R0_64,0.25,2023-05-13,414,185.9,50.0,9295.0,False
7,R0_64,0.25,2023-05-20,414,185.9,25.0,4647.5,False
7,R0_64,0.25,2023-05-27,414,165.9,25.0,4147.5,False
7,R0_64,0.25,2023-06-03,414,165.9,25.0,4147.5,False
7,R0_64,0.25,2023-06-17,414,165.9,25.0,4147.5,True
7,R0_64,0.25,2023-06-24,414,165.9,50.0,8295.0,False
7,R0_64,0.25,2023-07-01,414,165.9,25.0,4147.5,False
7,R0_64,0.25,2023-07-08,414,165.9,25.0,4147.5,False
7,R0_64,0.25,2023-07-15,414,165.9,25.0,4147.5,False
7,R0_64,0.25,2023-04-29,18517,186.9,25.0,4672.5,False
7,R0_64,0.25,2023-05-06,18517,179.9,25.0,4497.5,False
7,R0_64,0.25,2023-05-13,18517,169.9,25.0,4247.5,False
7,R0_64,0.25,2023-05-20,18517,169.9,25.0,4247.5,False
7,R0_64,0.25,2023-06-03,18517,203.9,25.0,5097.5,True
7,R0_64,0.25,2023-06-10,18517,203.9,25.0,5097.5,True
7,R0_64,0.25,2023-06-17,18517,192.9,25.0,4822.5,True
7,R0_64,0.25,2023-06-24,18517,187.9,25.0,4697.5,True
7,R0_64,0.25,2023-07-01,18517,173.9,50.0,8695.0,False
7,R0_64,0.25,2023-07-15,18517,207.9,25.0,5197.5,True
7,R0_64,0.25,2023-07-22,18517,195.9,25.0,4897.5,True
7,R0_64,0.25,2023-05-06,429,176.5,50.0,8825.0,False
7,R0_64,0.25,2023-05-13,429,168.9,25.0,4222.5,False
7,R0_64,0.25,2023-05-20,429,164.9,25.0,4122.5,False
7,R0_64,0.25,2023-05-27,429,165.9,25.0,4147.5,False
7,R0_64,0.25,2023-06-10,429,193.9,25.0,4847.5,True
7,R0_64,0.25,2023-06-17,429,186.5,25.0,4662.5,True
7,R0_64,0.25,2023-06-24,429,176.9,50.0,8845.0,False
7,R0_64,0.25,2023-07-01,429,166.9,25.0,4172.5,False
7,R0_64,0.25,2023-07-15,429,205.9,25.0,5147.5,True
7,R0_64,0.25,2023-07-22,429,193.9,25.0,4847.5,True
7,R0_64,0.25,2023-05-06,585,176.7,50.0,8835.0,False
7,R0_64,0.25,2023-05-13,585,170.9,25.0,4272.5,False
7,R0_64,0.25,2023-05-20,585,166.9,25.0,4172.5,False
7,R0_64,0.25,2023-06-03,585,205.9,25.0,5147.5,True
7,R0_64,0.25,2023-06-10,585,197.9,25.0,4947.5,True
7,R0_64,0.25,2023-06-17,585,188.5,25.0,4712.5,True
7,R0_64,0.25,2023-06-24,585,176.9,50.0,8845.0,False
7,R0_64,0.25,2023-07-01,585,166.9,25.0,4172.5,False
7,R0_64,0.25,2023-07-15,585,203.9,25.0,5097.5,True
7,R0_64,0.25,2023-07-22,585,193.9,25.0,4847.5,True
7,R0_64,0.25,2023-04-29,261,176.9,25.0,4422.5,False
7,R0_64,0.25,2023-05-06,261,171.7,25.0,4292.5,False
7,R0_64,0.25,2023-05-13,261,167.9,25.0,4197.5,False
7,R0_64,0.25,2023-05-20,261,161.9,25.0,4047.5,False
7,R0_64,0.25,2023-05-27,261,159.9,25.0,3997.5,False
7,R0_64,0.25,2023-06-10,261,197.9,25.0,4947.5,True
7,R0_64,0.25,2023-06-17,261,181.9,25.0,4547.5,True
7,R0_64,0.25,2023-06-24,261,177.5,25.0,4437.5,True
7,R0_64,0.25,2023-07-01,261,161.9,50.0,8095.0,False
7,R0_64,0.25,2023-07-15,261,195.9,25.0,4897.5,True
7,R0_64,0.25,2023-07-22,261,189.9,25.0,4747.5,True
8,always_buy,,2023-07-28,414,182.9,25.0,4572.5,False
8,always_buy,,2023-08-04,414,178.9,25.0,4472.5,False
8,always_buy,,2023-08-11,414,215.9,25.0,5397.5,False
8,always_buy,,2023-08-18,414,215.9,25.0,5397.5,False
8,always_buy,,2023-08-25,414,199.9,25.0,4997.5,False
8,always_buy,,2023-09-01,414,199.9,25.0,4997.5,False
8,always_buy,,2023-09-08,414,227.9,25.0,5697.5,False
8,always_buy,,2023-09-15,414,224.9,25.0,5622.5,False
8,always_buy,,2023-09-22,414,221.9,25.0,5547.5,False
8,always_buy,,2023-09-29,414,217.9,25.0,5447.5,False
8,always_buy,,2023-10-06,414,207.9,25.0,5197.5,False
8,always_buy,,2023-10-13,414,195.9,25.0,4897.5,False
8,always_buy,,2023-10-20,414,191.9,25.0,4797.5,False
8,always_buy,,2023-07-28,18517,183.9,25.0,4597.5,False
8,always_buy,,2023-08-04,18517,179.9,25.0,4497.5,False
8,always_buy,,2023-08-11,18517,222.9,25.0,5572.5,False
8,always_buy,,2023-08-18,18517,215.9,25.0,5397.5,False
8,always_buy,,2023-08-25,18517,199.9,25.0,4997.5,False
8,always_buy,,2023-09-01,18517,197.9,25.0,4947.5,False
8,always_buy,,2023-09-08,18517,227.9,25.0,5697.5,False
8,always_buy,,2023-09-15,18517,224.9,25.0,5622.5,False
8,always_buy,,2023-09-22,18517,223.9,25.0,5597.5,False
8,always_buy,,2023-09-29,18517,219.9,25.0,5497.5,False
8,always_buy,,2023-10-06,18517,209.9,25.0,5247.5,False
8,always_buy,,2023-10-13,18517,205.9,25.0,5147.5,False
8,always_buy,,2023-10-20,18517,195.9,25.0,4897.5,False
8,always_buy,,2023-07-28,429,183.9,25.0,4597.5,False
8,always_buy,,2023-08-04,429,178.9,25.0,4472.5,False
8,always_buy,,2023-08-11,429,221.9,25.0,5547.5,False
8,always_buy,,2023-08-18,429,213.9,25.0,5347.5,False
8,always_buy,,2023-08-25,429,199.9,25.0,4997.5,False
8,always_buy,,2023-09-01,429,195.9,25.0,4897.5,False
8,always_buy,,2023-09-08,429,197.9,25.0,4947.5,False
8,always_buy,,2023-09-15,429,223.9,25.0,5597.5,False
8,always_buy,,2023-09-22,429,221.9,25.0,5547.5,False
8,always_buy,,2023-09-29,429,206.9,25.0,5172.5,False
8,always_buy,,2023-10-06,429,197.9,25.0,4947.5,False
8,always_buy,,2023-10-13,429,195.9,25.0,4897.5,False
8,always_buy,,2023-10-20,429,191.9,25.0,4797.5,False
8,always_buy,,2023-07-28,585,177.9,25.0,4447.5,False
8,always_buy,,2023-08-04,585,222.9,25.0,5572.5,False
8,always_buy,,2023-08-11,585,222.9,25.0,5572.5,False
8,always_buy,,2023-08-18,585,211.9,25.0,5297.5,False
8,always_buy,,2023-08-25,585,204.9,25.0,5122.5,False
8,always_buy,,2023-09-01,585,195.9,25.0,4897.5,False
8,always_buy,,2023-09-08,585,227.9,25.0,5697.5,False
8,always_buy,,2023-09-15,585,224.9,25.0,5622.5,False
8,always_buy,,2023-09-22,585,219.9,25.0,5497.5,False
8,always_buy,,2023-09-29,585,206.9,25.0,5172.5,False
8,always_buy,,2023-10-06,585,196.9,25.0,4922.5,False
8,always_buy,,2023-10-13,585,196.9,25.0,4922.5,False
8,always_buy,,2023-10-20,585,196.9,25.0,4922.5,False
8,always_buy,,2023-07-28,261,177.7,25.0,4442.5,False
8,always_buy,,2023-08-04,261,175.7,25.0,4392.5,False
8,always_buy,,2023-08-11,261,213.9,25.0,5347.5,False
8,always_buy,,2023-08-18,261,204.9,25.0,5122.5,False
8,always_buy,,2023-08-25,261,194.7,25.0,4867.5,False
8,always_buy,,2023-09-01,261,191.5,25.0,4787.5,False
8,always_buy,,2023-09-08,261,186.5,25.0,4662.5,False
8,always_buy,,2023-09-15,261,221.7,25.0,5542.5,False
8,always_buy,,2023-09-22,261,215.9,25.0,5397.5,False
8,always_buy,,2023-09-29,261,200.7,25.0,5017.5,False
8,always_buy,,2023-10-06,261,189.5,25.0,4737.5,False
8,always_buy,,2023-10-13,261,182.9,25.0,4572.5,False
8,always_buy,,2023-10-20,261,178.7,25.0,4467.5,False
8,R0_54,0.25,2023-08-04,414,178.9,25.0,4472.5,True
8,R0_54,0.25,2023-08-11,414,215.9,25.0,5397.5,True
8,R0_54,0.25,2023-08-18,414,215.9,25.0,5397.5,True
8,R0_54,0.25,2023-08-25,414,199.9,25.0,4997.5,True
8,R0_54,0.25,2023-09-01,414,199.9,25.0,4997.5,True
8,R0_54,0.25,2023-09-08,414,227.9,25.0,5697.5,True
8,R0_54,0.25,2023-09-15,414,224.9,25.0,5622.5,True
8,R0_54,0.25,2023-09-22,414,221.9,25.0,5547.5,True
8,R0_54,0.25,2023-09-29,414,217.9,25.0,5447.5,True
8,R0_54,0.25,2023-10-06,414,207.9,25.0,5197.5,True
8,R0_54,0.25,2023-10-13,414,195.9,25.0,4897.5,True
8,R0_54,0.25,2023-10-20,414,191.9,25.0,4797.5,True
8,R0_54,0.25,2023-08-04,18517,179.9,50.0,8995.0,False
8,R0_54,0.25,2023-08-18,18517,215.9,25.0,5397.5,True
8,R0_54,0.25,2023-08-25,18517,199.9,25.0,4997.5,True
8,R0_54,0.25,2023-09-01,18517,197.9,25.0,4947.5,True
8,R0_54,0.25,2023-09-08,18517,227.9,25.0,5697.5,True
8,R0_54,0.25,2023-09-15,18517,224.9,25.0,5622.5,True
8,R0_54,0.25,2023-09-22,18517,223.9,25.0,5597.5,True
8,R0_54,0.25,2023-09-29,18517,219.9,25.0,5497.5,True
8,R0_54,0.25,2023-10-06,18517,209.9,25.0,5247.5,True
8,R0_54,0.25,2023-10-13,18517,205.9,25.0,5147.5,True
8,R0_54,0.25,2023-10-20,18517,195.9,25.0,4897.5,True
8,R0_54,0.25,2023-08-04,429,178.9,25.0,4472.5,True
8,R0_54,0.25,2023-08-11,429,221.9,25.0,5547.5,True
8,R0_54,0.25,2023-08-18,429,213.9,25.0,5347.5,True
8,R0_54,0.25,2023-08-25,429,199.9,25.0,4997.5,True
8,R0_54,0.25,2023-09-01,429,195.9,25.0,4897.5,True
8,R0_54,0.25,2023-09-08,429,197.9,25.0,4947.5,True
8,R0_54,0.25,2023-09-15,429,223.9,25.0,5597.5,True
8,R0_54,0.25,2023-09-22,429,221.9,25.0,5547.5,True
8,R0_54,0.25,2023-09-29,429,206.9,25.0,5172.5,True
8,R0_54,0.25,2023-10-06,429,197.9,25.0,4947.5,True
8,R0_54,0.25,2023-10-13,429,195.9,25.0,4897.5,True
8,R0_54,0.25,2023-10-20,429,191.9,25.0,4797.5,True
8,R0_54,0.25,2023-08-04,585,222.9,25.0,5572.5,True
8,R0_54,0.25,2023-08-11,585,222.9,25.0,5572.5,True
8,R0_54,0.25,2023-08-18,585,211.9,25.0,5297.5,True
8,R0_54,0.25,2023-08-25,585,204.9,25.0,5122.5,True
8,R0_54,0.25,2023-09-01,585,195.9,25.0,4897.5,True
8,R0_54,0.25,2023-09-08,585,227.9,25.0,5697.5,True
8,R0_54,0.25,2023-09-15,585,224.9,25.0,5622.5,True
8,R0_54,0.25,2023-09-22,585,219.9,25.0,5497.5,True
8,R0_54,0.25,2023-09-29,585,206.9,25.0,5172.5,True
8,R0_54,0.25,2023-10-06,585,196.9,25.0,4922.5,True
8,R0_54,0.25,2023-10-13,585,196.9,25.0,4922.5,True
8,R0_54,0.25,2023-10-20,585,196.9,25.0,4922.5,True
8,R0_54,0.25,2023-08-04,261,175.7,50.0,8785.0,False
8,R0_54,0.25,2023-08-18,261,204.9,25.0,5122.5,True
8,R0_54,0.25,2023-08-25,261,194.7,25.0,4867.5,True
8,R0_54,0.25,2023-09-01,261,191.5,25.0,4787.5,True
8,R0_54,0.25,2023-09-08,261,186.5,25.0,4662.5,True
8,R0_54,0.25,2023-09-15,261,221.7,25.0,5542.5,True
8,R0_54,0.25,2023-09-22,261,215.9,25.0,5397.5,True
8,R0_54,0.25,2023-09-29,261,200.7,25.0,5017.5,True
8,R0_54,0.25,2023-10-06,261,189.5,25.0,4737.5,True
8,R0_54,0.25,2023-10-13,261,182.9,25.0,4572.5,True
8,R0_54,0.25,2023-10-20,261,178.7,25.0,4467.5,True
8,cand_54,0.25,2023-08-04,414,178.9,25.0,4472.5,True
8,cand_54,0.25,2023-08-11,414,215.9,25.0,5397.5,True
8,cand_54,0.25,2023-08-18,414,215.9,25.0,5397.5,True
8,cand_54,0.25,2023-08-25,414,199.9,25.0,4997.5,True
8,cand_54,0.25,2023-09-01,414,199.9,25.0,4997.5,True
8,cand_54,0.25,2023-09-08,414,227.9,25.0,5697.5,True
8,cand_54,0.25,2023-09-15,414,224.9,25.0,5622.5,True
8,cand_54,0.25,2023-09-22,414,221.9,25.0,5547.5,True
8,cand_54,0.25,2023-09-29,414,217.9,25.0,5447.5,True
8,cand_54,0.25,2023-10-06,414,207.9,25.0,5197.5,True
8,cand_54,0.25,2023-10-13,414,195.9,25.0,4897.5,True
8,cand_54,0.25,2023-10-20,414,191.9,50.0,9595.0,False
8,cand_54,0.25,2023-08-04,18517,179.9,50.0,8995.0,False
8,cand_54,0.25,2023-08-18,18517,215.9,25.0,5397.5,True
8,cand_54,0.25,2023-08-25,18517,199.9,25.0,4997.5,True
8,cand_54,0.25,2023-09-01,18517,197.9,25.0,4947.5,True
8,cand_54,0.25,2023-09-08,18517,227.9,25.0,5697.5,True
8,cand_54,0.25,2023-09-15,18517,224.9,25.0,5622.5,True
8,cand_54,0.25,2023-09-22,18517,223.9,25.0,5597.5,True
8,cand_54,0.25,2023-09-29,18517,219.9,25.0,5497.5,True
8,cand_54,0.25,2023-10-06,18517,209.9,25.0,5247.5,True
8,cand_54,0.25,2023-10-13,18517,205.9,25.0,5147.5,True
8,cand_54,0.25,2023-10-20,18517,195.9,50.0,9795.0,False
8,cand_54,0.25,2023-08-04,429,178.9,25.0,4472.5,True
8,cand_54,0.25,2023-08-11,429,221.9,25.0,5547.5,True
8,cand_54,0.25,2023-08-18,429,213.9,25.0,5347.5,True
8,cand_54,0.25,2023-08-25,429,199.9,25.0,4997.5,True
8,cand_54,0.25,2023-09-01,429,195.9,25.0,4897.5,True
8,cand_54,0.25,2023-09-08,429,197.9,25.0,4947.5,True
8,cand_54,0.25,2023-09-15,429,223.9,25.0,5597.5,True
8,cand_54,0.25,2023-09-22,429,221.9,25.0,5547.5,True
8,cand_54,0.25,2023-09-29,429,206.9,25.0,5172.5,True
8,cand_54,0.25,2023-10-06,429,197.9,25.0,4947.5,True
8,cand_54,0.25,2023-10-13,429,195.9,25.0,4897.5,True
8,cand_54,0.25,2023-10-20,429,191.9,25.0,4797.5,True
8,cand_54,0.25,2023-08-04,585,222.9,25.0,5572.5,True
8,cand_54,0.25,2023-08-11,585,222.9,25.0,5572.5,True
8,cand_54,0.25,2023-08-18,585,211.9,25.0,5297.5,True
8,cand_54,0.25,2023-08-25,585,204.9,25.0,5122.5,True
8,cand_54,0.25,2023-09-01,585,195.9,25.0,4897.5,True
8,cand_54,0.25,2023-09-08,585,227.9,25.0,5697.5,True
8,cand_54,0.25,2023-09-15,585,224.9,25.0,5622.5,True
8,cand_54,0.25,2023-09-22,585,219.9,25.0,5497.5,True
8,cand_54,0.25,2023-09-29,585,206.9,25.0,5172.5,True
8,cand_54,0.25,2023-10-06,585,196.9,25.0,4922.5,True
8,cand_54,0.25,2023-10-13,585,196.9,25.0,4922.5,True
8,cand_54,0.25,2023-10-20,585,196.9,25.0,4922.5,True
8,cand_54,0.25,2023-08-04,261,175.7,50.0,8785.0,False
8,cand_54,0.25,2023-08-18,261,204.9,25.0,5122.5,True
8,cand_54,0.25,2023-08-25,261,194.7,25.0,4867.5,True
8,cand_54,0.25,2023-09-01,261,191.5,25.0,4787.5,True
8,cand_54,0.25,2023-09-08,261,186.5,25.0,4662.5,True
8,cand_54,0.25,2023-09-15,261,221.7,25.0,5542.5,True
8,cand_54,0.25,2023-09-22,261,215.9,25.0,5397.5,True
8,cand_54,0.25,2023-09-29,261,200.7,25.0,5017.5,True
8,cand_54,0.25,2023-10-06,261,189.5,25.0,4737.5,True
8,cand_54,0.25,2023-10-13,261,182.9,25.0,4572.5,True
8,cand_54,0.25,2023-10-20,261,178.7,50.0,8935.0,False
8,R0_64,0.25,2023-08-04,414,178.9,25.0,4472.5,True
8,R0_64,0.25,2023-08-11,414,215.9,25.0,5397.5,True
8,R0_64,0.25,2023-08-18,414,215.9,25.0,5397.5,True
8,R0_64,0.25,2023-08-25,414,199.9,25.0,4997.5,True
8,R0_64,0.25,2023-09-01,414,199.9,25.0,4997.5,True
8,R0_64,0.25,2023-09-08,414,227.9,25.0,5697.5,True
8,R0_64,0.25,2023-09-15,414,224.9,25.0,5622.5,True
8,R0_64,0.25,2023-09-22,414,221.9,25.0,5547.5,True
8,R0_64,0.25,2023-09-29,414,217.9,25.0,5447.5,True
8,R0_64,0.25,2023-10-06,414,207.9,25.0,5197.5,True
8,R0_64,0.25,2023-10-13,414,195.9,25.0,4897.5,True
8,R0_64,0.25,2023-10-20,414,191.9,25.0,4797.5,True
8,R0_64,0.25,2023-08-04,18517,179.9,50.0,8995.0,False
8,R0_64,0.25,2023-08-18,18517,215.9,25.0,5397.5,True
8,R0_64,0.25,2023-08-25,18517,199.9,25.0,4997.5,True
8,R0_64,0.25,2023-09-01,18517,197.9,25.0,4947.5,True
8,R0_64,0.25,2023-09-08,18517,227.9,25.0,5697.5,True
8,R0_64,0.25,2023-09-15,18517,224.9,25.0,5622.5,True
8,R0_64,0.25,2023-09-22,18517,223.9,25.0,5597.5,True
8,R0_64,0.25,2023-09-29,18517,219.9,25.0,5497.5,True
8,R0_64,0.25,2023-10-06,18517,209.9,25.0,5247.5,True
8,R0_64,0.25,2023-10-13,18517,205.9,25.0,5147.5,True
8,R0_64,0.25,2023-10-20,18517,195.9,25.0,4897.5,True
8,R0_64,0.25,2023-08-04,429,178.9,25.0,4472.5,True
8,R0_64,0.25,2023-08-11,429,221.9,25.0,5547.5,True
8,R0_64,0.25,2023-08-18,429,213.9,25.0,5347.5,True
8,R0_64,0.25,2023-08-25,429,199.9,25.0,4997.5,True
8,R0_64,0.25,2023-09-01,429,195.9,25.0,4897.5,True
8,R0_64,0.25,2023-09-08,429,197.9,25.0,4947.5,True
8,R0_64,0.25,2023-09-15,429,223.9,25.0,5597.5,True
8,R0_64,0.25,2023-09-22,429,221.9,25.0,5547.5,True
8,R0_64,0.25,2023-09-29,429,206.9,25.0,5172.5,True
8,R0_64,0.25,2023-10-06,429,197.9,25.0,4947.5,True
8,R0_64,0.25,2023-10-13,429,195.9,25.0,4897.5,True
8,R0_64,0.25,2023-10-20,429,191.9,25.0,4797.5,True
8,R0_64,0.25,2023-08-04,585,222.9,25.0,5572.5,True
8,R0_64,0.25,2023-08-11,585,222.9,25.0,5572.5,True
8,R0_64,0.25,2023-08-18,585,211.9,25.0,5297.5,True
8,R0_64,0.25,2023-08-25,585,204.9,25.0,5122.5,True
8,R0_64,0.25,2023-09-01,585,195.9,25.0,4897.5,True
8,R0_64,0.25,2023-09-08,585,227.9,25.0,5697.5,True
8,R0_64,0.25,2023-09-15,585,224.9,25.0,5622.5,True
8,R0_64,0.25,2023-09-22,585,219.9,25.0,5497.5,True
8,R0_64,0.25,2023-09-29,585,206.9,25.0,5172.5,True
8,R0_64,0.25,2023-10-06,585,196.9,25.0,4922.5,True
8,R0_64,0.25,2023-10-13,585,196.9,25.0,4922.5,True
8,R0_64,0.25,2023-10-20,585,196.9,25.0,4922.5,True
8,R0_64,0.25,2023-08-04,261,175.7,50.0,8785.0,False
8,R0_64,0.25,2023-08-18,261,204.9,25.0,5122.5,True
8,R0_64,0.25,2023-08-25,261,194.7,25.0,4867.5,True
8,R0_64,0.25,2023-09-01,261,191.5,25.0,4787.5,True
8,R0_64,0.25,2023-09-08,261,186.5,25.0,4662.5,True
8,R0_64,0.25,2023-09-15,261,221.7,25.0,5542.5,True
8,R0_64,0.25,2023-09-22,261,215.9,25.0,5397.5,True
8,R0_64,0.25,2023-09-29,261,200.7,25.0,5017.5,True
8,R0_64,0.25,2023-10-06,261,189.5,25.0,4737.5,True
8,R0_64,0.25,2023-10-13,261,182.9,25.0,4572.5,True
8,R0_64,0.25,2023-10-20,261,178.7,25.0,4467.5,True
9,always_buy,,2023-10-26,414,223.9,25.0,5597.5,False
9,always_buy,,2023-11-02,414,223.9,25.0,5597.5,False
9,always_buy,,2023-11-09,414,221.9,25.0,5547.5,False
9,always_buy,,2023-11-16,414,214.9,25.0,5372.5,False
9,always_buy,,2023-11-23,414,204.9,25.0,5122.5,False
9,always_buy,,2023-11-30,414,189.9,25.0,4747.5,False
9,always_buy,,2023-12-07,414,217.9,25.0,5447.5,False
9,always_buy,,2023-12-14,414,217.9,25.0,5447.5,False
9,always_buy,,2023-12-21,414,214.9,25.0,5372.5,False
9,always_buy,,2023-12-28,414,212.9,25.0,5322.5,False
9,always_buy,,2024-01-04,414,197.9,25.0,4947.5,False
9,always_buy,,2024-01-11,414,193.9,25.0,4847.5,False
9,always_buy,,2024-01-18,414,181.9,25.0,4547.5,False
9,always_buy,,2023-10-26,18517,223.9,25.0,5597.5,False
9,always_buy,,2023-11-02,18517,223.9,25.0,5597.5,False
9,always_buy,,2023-11-09,18517,223.9,25.0,5597.5,False
9,always_buy,,2023-11-16,18517,219.9,25.0,5497.5,False
9,always_buy,,2023-11-23,18517,209.9,25.0,5247.5,False
9,always_buy,,2023-11-30,18517,191.9,25.0,4797.5,False
9,always_buy,,2023-12-07,18517,217.9,25.0,5447.5,False
9,always_buy,,2023-12-14,18517,217.9,25.0,5447.5,False
9,always_buy,,2023-12-21,18517,217.9,25.0,5447.5,False
9,always_buy,,2023-12-28,18517,212.9,25.0,5322.5,False
9,always_buy,,2024-01-04,18517,203.9,25.0,5097.5,False
9,always_buy,,2024-01-11,18517,199.9,25.0,4997.5,False
9,always_buy,,2024-01-18,18517,183.9,25.0,4597.5,False
9,always_buy,,2023-10-26,429,191.9,25.0,4797.5,False
9,always_buy,,2023-11-02,429,222.9,25.0,5572.5,False
9,always_buy,,2023-11-09,429,222.9,25.0,5572.5,False
9,always_buy,,2023-11-16,429,213.9,25.0,5347.5,False
9,always_buy,,2023-11-23,429,203.9,25.0,5097.5,False
9,always_buy,,2023-11-30,429,187.9,25.0,4697.5,False
9,always_buy,,2023-12-07,429,179.9,25.0,4497.5,False
9,always_buy,,2023-12-14,429,216.9,25.0,5422.5,False
9,always_buy,,2023-12-21,429,215.9,25.0,5397.5,False
9,always_buy,,2023-12-28,429,203.9,25.0,5097.5,False
9,always_buy,,2024-01-04,429,197.9,25.0,4947.5,False
9,always_buy,,2024-01-11,429,189.9,25.0,4747.5,False
9,always_buy,,2024-01-18,429,187.9,25.0,4697.5,False
9,always_buy,,2023-10-26,585,223.9,25.0,5597.5,False
9,always_buy,,2023-11-02,585,223.9,25.0,5597.5,False
9,always_buy,,2023-11-09,585,221.9,25.0,5547.5,False
9,always_buy,,2023-11-16,585,213.9,25.0,5347.5,False
9,always_buy,,2023-11-23,585,197.9,25.0,4947.5,False
9,always_buy,,2023-11-30,585,187.9,25.0,4697.5,False
9,always_buy,,2023-12-07,585,185.9,25.0,4647.5,False
9,always_buy,,2023-12-14,585,217.9,25.0,5447.5,False
9,always_buy,,2023-12-21,585,215.9,25.0,5397.5,False
9,always_buy,,2023-12-28,585,203.9,25.0,5097.5,False
9,always_buy,,2024-01-04,585,202.9,25.0,5072.5,False
9,always_buy,,2024-01-11,585,189.9,25.0,4747.5,False
9,always_buy,,2024-01-18,585,184.9,25.0,4622.5,False
9,always_buy,,2023-10-26,261,176.9,25.0,4422.5,False
9,always_buy,,2023-11-02,261,222.9,25.0,5572.5,False
9,always_buy,,2023-11-09,261,220.9,25.0,5522.5,False
9,always_buy,,2023-11-16,261,200.5,25.0,5012.5,False
9,always_buy,,2023-11-23,261,187.9,25.0,4697.5,False
9,always_buy,,2023-11-30,261,175.9,25.0,4397.5,False
9,always_buy,,2023-12-07,261,171.9,25.0,4297.5,False
9,always_buy,,2023-12-14,261,217.9,25.0,5447.5,False
9,always_buy,,2023-12-21,261,207.9,25.0,5197.5,False
9,always_buy,,2023-12-28,261,199.9,25.0,4997.5,False
9,always_buy,,2024-01-04,261,185.9,25.0,4647.5,False
9,always_buy,,2024-01-11,261,179.9,25.0,4497.5,False
9,always_buy,,2024-01-18,261,167.9,25.0,4197.5,False
9,R0_54,0.25,2023-11-02,414,223.9,25.0,5597.5,True
9,R0_54,0.25,2023-11-09,414,221.9,25.0,5547.5,True
9,R0_54,0.25,2023-11-16,414,214.9,25.0,5372.5,True
9,R0_54,0.25,2023-11-23,414,204.9,25.0,5122.5,True
9,R0_54,0.25,2023-11-30,414,189.9,25.0,4747.5,True
9,R0_54,0.25,2023-12-07,414,217.9,25.0,5447.5,True
9,R0_54,0.25,2023-12-14,414,217.9,25.0,5447.5,True
9,R0_54,0.25,2023-12-21,414,214.9,25.0,5372.5,True
9,R0_54,0.25,2023-12-28,414,212.9,25.0,5322.5,True
9,R0_54,0.25,2024-01-04,414,197.9,25.0,4947.5,True
9,R0_54,0.25,2024-01-11,414,193.9,25.0,4847.5,True
9,R0_54,0.25,2024-01-18,414,181.9,25.0,4547.5,True
9,R0_54,0.25,2023-11-02,18517,223.9,25.0,5597.5,True
9,R0_54,0.25,2023-11-09,18517,223.9,25.0,5597.5,True
9,R0_54,0.25,2023-11-16,18517,219.9,25.0,5497.5,True
9,R0_54,0.25,2023-11-23,18517,209.9,25.0,5247.5,True
9,R0_54,0.25,2023-11-30,18517,191.9,25.0,4797.5,True
9,R0_54,0.25,2023-12-07,18517,217.9,25.0,5447.5,True
9,R0_54,0.25,2023-12-14,18517,217.9,25.0,5447.5,True
9,R0_54,0.25,2023-12-21,18517,217.9,25.0,5447.5,True
9,R0_54,0.25,2023-12-28,18517,212.9,25.0,5322.5,True
9,R0_54,0.25,2024-01-04,18517,203.9,25.0,5097.5,True
9,R0_54,0.25,2024-01-11,18517,199.9,25.0,4997.5,True
9,R0_54,0.25,2024-01-18,18517,183.9,25.0,4597.5,True
9,R0_54,0.25,2023-10-26,429,191.9,25.0,4797.5,False
9,R0_54,0.25,2023-11-09,429,222.9,25.0,5572.5,True
9,R0_54,0.25,2023-11-16,429,213.9,25.0,5347.5,True
9,R0_54,0.25,2023-11-23,429,203.9,25.0,5097.5,True
9,R0_54,0.25,2023-11-30,429,187.9,25.0,4697.5,True
9,R0_54,0.25,2023-12-07,429,179.9,50.0,8995.0,False
9,R0_54,0.25,2023-12-21,429,215.9,25.0,5397.5,True
9,R0_54,0.25,2023-12-28,429,203.9,25.0,5097.5,True
9,R0_54,0.25,2024-01-04,429,197.9,25.0,4947.5,True
9,R0_54,0.25,2024-01-11,429,189.9,25.0,4747.5,True
9,R0_54,0.25,2024-01-18,429,187.9,25.0,4697.5,True
9,R0_54,0.25,2023-11-02,585,223.9,25.0,5597.5,True
9,R0_54,0.25,2023-11-09,585,221.9,25.0,5547.5,True
9,R0_54,0.25,2023-11-16,585,213.9,25.0,5347.5,True
9,R0_54,0.25,2023-11-23,585,197.9,25.0,4947.5,True
9,R0_54,0.25,2023-11-30,585,187.9,25.0,4697.5,True
9,R0_54,0.25,2023-12-07,585,185.9,50.0,9295.0,False
9,R0_54,0.25,2023-12-21,585,215.9,25.0,5397.5,True
9,R0_54,0.25,2023-12-28,585,203.9,25.0,5097.5,True
9,R0_54,0.25,2024-01-04,585,202.9,25.0,5072.5,True
9,R0_54,0.25,2024-01-11,585,189.9,25.0,4747.5,True
9,R0_54,0.25,2024-01-18,585,184.9,25.0,4622.5,True
9,R0_54,0.25,2023-10-26,261,176.9,25.0,4422.5,False
9,R0_54,0.25,2023-11-09,261,220.9,25.0,5522.5,True
9,R0_54,0.25,2023-11-16,261,200.5,25.0,5012.5,True
9,R0_54,0.25,2023-11-23,261,187.9,25.0,4697.5,True
9,R0_54,0.25,2023-11-30,261,175.9,50.0,8795.0,False
9,R0_54,0.25,2023-12-07,261,171.9,25.0,4297.5,False
9,R0_54,0.25,2023-12-21,261,207.9,25.0,5197.5,True
9,R0_54,0.25,2023-12-28,261,199.9,25.0,4997.5,True
9,R0_54,0.25,2024-01-04,261,185.9,25.0,4647.5,True
9,R0_54,0.25,2024-01-11,261,179.9,25.0,4497.5,True
9,R0_54,0.25,2024-01-18,261,167.9,50.0,8395.0,False
9,cand_54,0.25,2023-11-02,414,223.9,25.0,5597.5,True
9,cand_54,0.25,2023-11-09,414,221.9,25.0,5547.5,True
9,cand_54,0.25,2023-11-16,414,214.9,25.0,5372.5,True
9,cand_54,0.25,2023-11-23,414,204.9,25.0,5122.5,True
9,cand_54,0.25,2023-11-30,414,189.9,25.0,4747.5,True
9,cand_54,0.25,2023-12-07,414,217.9,25.0,5447.5,True
9,cand_54,0.25,2023-12-14,414,217.9,25.0,5447.5,True
9,cand_54,0.25,2023-12-21,414,214.9,25.0,5372.5,True
9,cand_54,0.25,2023-12-28,414,212.9,25.0,5322.5,True
9,cand_54,0.25,2024-01-04,414,197.9,25.0,4947.5,True
9,cand_54,0.25,2024-01-11,414,193.9,25.0,4847.5,True
9,cand_54,0.25,2024-01-18,414,181.9,50.0,9095.0,False
9,cand_54,0.25,2023-11-02,18517,223.9,25.0,5597.5,True
9,cand_54,0.25,2023-11-09,18517,223.9,25.0,5597.5,True
9,cand_54,0.25,2023-11-16,18517,219.9,25.0,5497.5,True
9,cand_54,0.25,2023-11-23,18517,209.9,25.0,5247.5,True
9,cand_54,0.25,2023-11-30,18517,191.9,25.0,4797.5,True
9,cand_54,0.25,2023-12-07,18517,217.9,25.0,5447.5,True
9,cand_54,0.25,2023-12-14,18517,217.9,25.0,5447.5,True
9,cand_54,0.25,2023-12-21,18517,217.9,25.0,5447.5,True
9,cand_54,0.25,2023-12-28,18517,212.9,25.0,5322.5,True
9,cand_54,0.25,2024-01-04,18517,203.9,25.0,5097.5,True
9,cand_54,0.25,2024-01-11,18517,199.9,25.0,4997.5,True
9,cand_54,0.25,2024-01-18,18517,183.9,25.0,4597.5,True
9,cand_54,0.25,2023-10-26,429,191.9,25.0,4797.5,False
9,cand_54,0.25,2023-11-09,429,222.9,25.0,5572.5,True
9,cand_54,0.25,2023-11-16,429,213.9,25.0,5347.5,True
9,cand_54,0.25,2023-11-23,429,203.9,25.0,5097.5,True
9,cand_54,0.25,2023-11-30,429,187.9,25.0,4697.5,True
9,cand_54,0.25,2023-12-07,429,179.9,50.0,8995.0,False
9,cand_54,0.25,2023-12-21,429,215.9,25.0,5397.5,True
9,cand_54,0.25,2023-12-28,429,203.9,25.0,5097.5,True
9,cand_54,0.25,2024-01-04,429,197.9,25.0,4947.5,True
9,cand_54,0.25,2024-01-11,429,189.9,25.0,4747.5,True
9,cand_54,0.25,2024-01-18,429,187.9,25.0,4697.5,True
9,cand_54,0.25,2023-11-02,585,223.9,25.0,5597.5,True
9,cand_54,0.25,2023-11-09,585,221.9,25.0,5547.5,True
9,cand_54,0.25,2023-11-16,585,213.9,25.0,5347.5,True
9,cand_54,0.25,2023-11-23,585,197.9,25.0,4947.5,True
9,cand_54,0.25,2023-11-30,585,187.9,25.0,4697.5,True
9,cand_54,0.25,2023-12-07,585,185.9,50.0,9295.0,False
9,cand_54,0.25,2023-12-21,585,215.9,25.0,5397.5,True
9,cand_54,0.25,2023-12-28,585,203.9,25.0,5097.5,True
9,cand_54,0.25,2024-01-04,585,202.9,25.0,5072.5,True
9,cand_54,0.25,2024-01-11,585,189.9,25.0,4747.5,True
9,cand_54,0.25,2024-01-18,585,184.9,25.0,4622.5,True
9,cand_54,0.25,2023-10-26,261,176.9,25.0,4422.5,False
9,cand_54,0.25,2023-11-09,261,220.9,25.0,5522.5,True
9,cand_54,0.25,2023-11-16,261,200.5,25.0,5012.5,True
9,cand_54,0.25,2023-11-23,261,187.9,25.0,4697.5,True
9,cand_54,0.25,2023-11-30,261,175.9,50.0,8795.0,False
9,cand_54,0.25,2023-12-07,261,171.9,25.0,4297.5,False
9,cand_54,0.25,2023-12-21,261,207.9,25.0,5197.5,True
9,cand_54,0.25,2023-12-28,261,199.9,25.0,4997.5,True
9,cand_54,0.25,2024-01-04,261,185.9,25.0,4647.5,True
9,cand_54,0.25,2024-01-11,261,179.9,25.0,4497.5,True
9,cand_54,0.25,2024-01-18,261,167.9,50.0,8395.0,False
9,R0_64,0.25,2023-11-02,414,223.9,25.0,5597.5,True
9,R0_64,0.25,2023-11-09,414,221.9,25.0,5547.5,True
9,R0_64,0.25,2023-11-16,414,214.9,25.0,5372.5,True
9,R0_64,0.25,2023-11-23,414,204.9,25.0,5122.5,True
9,R0_64,0.25,2023-11-30,414,189.9,25.0,4747.5,True
9,R0_64,0.25,2023-12-07,414,217.9,25.0,5447.5,True
9,R0_64,0.25,2023-12-14,414,217.9,25.0,5447.5,True
9,R0_64,0.25,2023-12-21,414,214.9,25.0,5372.5,True
9,R0_64,0.25,2023-12-28,414,212.9,25.0,5322.5,True
9,R0_64,0.25,2024-01-04,414,197.9,25.0,4947.5,True
9,R0_64,0.25,2024-01-11,414,193.9,25.0,4847.5,True
9,R0_64,0.25,2024-01-18,414,181.9,25.0,4547.5,True
9,R0_64,0.25,2023-11-02,18517,223.9,25.0,5597.5,True
9,R0_64,0.25,2023-11-09,18517,223.9,25.0,5597.5,True
9,R0_64,0.25,2023-11-16,18517,219.9,25.0,5497.5,True
9,R0_64,0.25,2023-11-23,18517,209.9,25.0,5247.5,True
9,R0_64,0.25,2023-11-30,18517,191.9,25.0,4797.5,True
9,R0_64,0.25,2023-12-07,18517,217.9,25.0,5447.5,True
9,R0_64,0.25,2023-12-14,18517,217.9,25.0,5447.5,True
9,R0_64,0.25,2023-12-21,18517,217.9,25.0,5447.5,True
9,R0_64,0.25,2023-12-28,18517,212.9,25.0,5322.5,True
9,R0_64,0.25,2024-01-04,18517,203.9,25.0,5097.5,True
9,R0_64,0.25,2024-01-11,18517,199.9,25.0,4997.5,True
9,R0_64,0.25,2024-01-18,18517,183.9,25.0,4597.5,True
9,R0_64,0.25,2023-10-26,429,191.9,25.0,4797.5,False
9,R0_64,0.25,2023-11-09,429,222.9,25.0,5572.5,True
9,R0_64,0.25,2023-11-16,429,213.9,25.0,5347.5,True
9,R0_64,0.25,2023-11-23,429,203.9,25.0,5097.5,True
9,R0_64,0.25,2023-11-30,429,187.9,25.0,4697.5,True
9,R0_64,0.25,2023-12-07,429,179.9,50.0,8995.0,False
9,R0_64,0.25,2023-12-21,429,215.9,25.0,5397.5,True
9,R0_64,0.25,2023-12-28,429,203.9,25.0,5097.5,True
9,R0_64,0.25,2024-01-04,429,197.9,25.0,4947.5,True
9,R0_64,0.25,2024-01-11,429,189.9,25.0,4747.5,True
9,R0_64,0.25,2024-01-18,429,187.9,25.0,4697.5,True
9,R0_64,0.25,2023-11-02,585,223.9,25.0,5597.5,True
9,R0_64,0.25,2023-11-09,585,221.9,25.0,5547.5,True
9,R0_64,0.25,2023-11-16,585,213.9,25.0,5347.5,True
9,R0_64,0.25,2023-11-23,585,197.9,25.0,4947.5,True
9,R0_64,0.25,2023-11-30,585,187.9,25.0,4697.5,True
9,R0_64,0.25,2023-12-07,585,185.9,50.0,9295.0,False
9,R0_64,0.25,2023-12-21,585,215.9,25.0,5397.5,True
9,R0_64,0.25,2023-12-28,585,203.9,25.0,5097.5,True
9,R0_64,0.25,2024-01-04,585,202.9,25.0,5072.5,True
9,R0_64,0.25,2024-01-11,585,189.9,25.0,4747.5,True
9,R0_64,0.25,2024-01-18,585,184.9,25.0,4622.5,True
9,R0_64,0.25,2023-10-26,261,176.9,25.0,4422.5,False
9,R0_64,0.25,2023-11-09,261,220.9,25.0,5522.5,True
9,R0_64,0.25,2023-11-16,261,200.5,25.0,5012.5,True
9,R0_64,0.25,2023-11-23,261,187.9,25.0,4697.5,True
9,R0_64,0.25,2023-11-30,261,175.9,50.0,8795.0,False
9,R0_64,0.25,2023-12-07,261,171.9,25.0,4297.5,False
9,R0_64,0.25,2023-12-21,261,207.9,25.0,5197.5,True
9,R0_64,0.25,2023-12-28,261,199.9,25.0,4997.5,True
9,R0_64,0.25,2024-01-04,261,185.9,25.0,4647.5,True
9,R0_64,0.25,2024-01-11,261,179.9,25.0,4497.5,True
9,R0_64,0.25,2024-01-18,261,167.9,50.0,8395.0,False
10,always_buy,,2024-01-24,414,179.9,25.0,4497.5,False
10,always_buy,,2024-01-31,414,217.9,25.0,5447.5,False
10,always_buy,,2024-02-07,414,209.9,25.0,5247.5,False
10,always_buy,,2024-02-14,414,195.9,25.0,4897.5,False
10,always_buy,,2024-02-21,414,191.9,25.0,4797.5,False
10,always_buy,,2024-02-28,414,229.9,25.0,5747.5,False
10,always_buy,,2024-03-06,414,229.9,25.0,5747.5,False
10,always_buy,,2024-03-13,414,222.9,25.0,5572.5,False
10,always_buy,,2024-03-20,414,209.9,25.0,5247.5,False
10,always_buy,,2024-03-27,414,199.9,25.0,4997.5,False
10,always_buy,,2024-04-03,414,189.9,25.0,4747.5,False
10,always_buy,,2024-04-10,414,233.9,25.0,5847.5,False
10,always_buy,,2024-04-17,414,229.9,25.0,5747.5,False
10,always_buy,,2024-01-24,18517,217.9,25.0,5447.5,False
10,always_buy,,2024-01-31,18517,217.9,25.0,5447.5,False
10,always_buy,,2024-02-07,18517,209.9,25.0,5247.5,False
10,always_buy,,2024-02-14,18517,205.9,25.0,5147.5,False
10,always_buy,,2024-02-21,18517,229.9,25.0,5747.5,False
10,always_buy,,2024-02-28,18517,229.9,25.0,5747.5,False
10,always_buy,,2024-03-06,18517,229.9,25.0,5747.5,False
10,always_buy,,2024-03-13,18517,224.9,25.0,5622.5,False
10,always_buy,,2024-03-20,18517,217.9,25.0,5447.5,False
10,always_buy,,2024-03-27,18517,199.9,25.0,4997.5,False
10,always_buy,,2024-04-03,18517,189.9,25.0,4747.5,False
10,always_buy,,2024-04-10,18517,233.9,25.0,5847.5,False
10,always_buy,,2024-04-17,18517,229.9,25.0,5747.5,False
10,always_buy,,2024-01-24,429,176.9,25.0,4422.5,False
10,always_buy,,2024-01-31,429,215.9,25.0,5397.5,False
10,always_buy,,2024-02-07,429,207.9,25.0,5197.5,False
10,always_buy,,2024-02-14,429,197.9,25.0,4947.5,False
10,always_buy,,2024-02-21,429,189.9,25.0,4747.5,False
10,always_buy,,2024-02-28,429,227.9,25.0,5697.5,False
10,always_buy,,2024-03-06,429,227.9,25.0,5697.5,False
10,always_buy,,2024-03-13,429,219.9,25.0,5497.5,False
10,always_buy,,2024-03-20,429,212.9,25.0,5322.5,False
10,always_buy,,2024-03-27,429,197.9,25.0,4947.5,False
10,always_buy,,2024-04-03,429,189.9,25.0,4747.5,False
10,always_buy,,2024-04-10,429,232.9,25.0,5822.5,False
10,always_buy,,2024-04-17,429,229.9,25.0,5747.5,False
10,always_buy,,2024-01-24,585,217.9,25.0,5447.5,False
10,always_buy,,2024-01-31,585,217.9,25.0,5447.5,False
10,always_buy,,2024-02-07,585,205.9,25.0,5147.5,False
10,always_buy,,2024-02-14,585,195.9,25.0,4897.5,False
10,always_buy,,2024-02-21,585,189.9,25.0,4747.5,False
10,always_buy,,2024-02-28,585,229.9,25.0,5747.5,False
10,always_buy,,2024-03-06,585,229.9,25.0,5747.5,False
10,always_buy,,2024-03-13,585,222.9,25.0,5572.5,False
10,always_buy,,2024-03-20,585,213.9,25.0,5347.5,False
10,always_buy,,2024-03-27,585,199.9,25.0,4997.5,False
10,always_buy,,2024-04-03,585,191.7,25.0,4792.5,False
10,always_buy,,2024-04-10,585,233.9,25.0,5847.5,False
10,always_buy,,2024-04-17,585,233.9,25.0,5847.5,False
10,always_buy,,2024-01-24,261,171.9,25.0,4297.5,False
10,always_buy,,2024-01-31,261,217.9,25.0,5447.5,False
10,always_buy,,2024-02-07,261,206.7,25.0,5167.5,False
10,always_buy,,2024-02-14,261,196.9,25.0,4922.5,False
10,always_buy,,2024-02-21,261,189.9,25.0,4747.5,False
10,always_buy,,2024-02-28,261,189.5,25.0,4737.5,False
10,always_buy,,2024-03-06,261,227.9,25.0,5697.5,False
10,always_buy,,2024-03-13,261,209.9,25.0,5247.5,False
10,always_buy,,2024-03-20,261,200.5,25.0,5012.5,False
10,always_buy,,2024-03-27,261,197.9,25.0,4947.5,False
10,always_buy,,2024-04-03,261,184.9,25.0,4622.5,False
10,always_buy,,2024-04-10,261,233.9,25.0,5847.5,False
10,always_buy,,2024-04-17,261,233.9,25.0,5847.5,False
10,R0_54,0.25,2024-01-24,414,179.9,25.0,4497.5,False
10,R0_54,0.25,2024-02-07,414,209.9,25.0,5247.5,True
10,R0_54,0.25,2024-02-14,414,195.9,25.0,4897.5,True
10,R0_54,0.25,2024-02-21,414,191.9,25.0,4797.5,True
10,R0_54,0.25,2024-02-28,414,229.9,25.0,5747.5,True
10,R0_54,0.25,2024-03-06,414,229.9,25.0,5747.5,True
10,R0_54,0.25,2024-03-13,414,222.9,25.0,5572.5,True
10,R0_54,0.25,2024-03-20,414,209.9,25.0,5247.5,True
10,R0_54,0.25,2024-03-27,414,199.9,25.0,4997.5,True
10,R0_54,0.25,2024-04-03,414,189.9,50.0,9495.0,False
10,R0_54,0.25,2024-04-17,414,229.9,25.0,5747.5,True
10,R0_54,0.25,2024-01-31,18517,217.9,25.0,5447.5,True
10,R0_54,0.25,2024-02-07,18517,209.9,25.0,5247.5,True
10,R0_54,0.25,2024-02-14,18517,205.9,25.0,5147.5,True
10,R0_54,0.25,2024-02-21,18517,229.9,25.0,5747.5,True
10,R0_54,0.25,2024-02-28,18517,229.9,25.0,5747.5,True
10,R0_54,0.25,2024-03-06,18517,229.9,25.0,5747.5,True
10,R0_54,0.25,2024-03-13,18517,224.9,25.0,5622.5,True
10,R0_54,0.25,2024-03-20,18517,217.9,25.0,5447.5,True
10,R0_54,0.25,2024-03-27,18517,199.9,25.0,4997.5,True
10,R0_54,0.25,2024-04-03,18517,189.9,50.0,9495.0,False
10,R0_54,0.25,2024-04-17,18517,229.9,25.0,5747.5,True
10,R0_54,0.25,2024-01-24,429,176.9,25.0,4422.5,False
10,R0_54,0.25,2024-02-07,429,207.9,25.0,5197.5,True
10,R0_54,0.25,2024-02-14,429,197.9,25.0,4947.5,True
10,R0_54,0.25,2024-02-21,429,189.9,25.0,4747.5,True
10,R0_54,0.25,2024-02-28,429,227.9,25.0,5697.5,True
10,R0_54,0.25,2024-03-06,429,227.9,25.0,5697.5,True
10,R0_54,0.25,2024-03-13,429,219.9,25.0,5497.5,True
10,R0_54,0.25,2024-03-20,429,212.9,25.0,5322.5,True
10,R0_54,0.25,2024-03-27,429,197.9,25.0,4947.5,True
10,R0_54,0.25,2024-04-03,429,189.9,50.0,9495.0,False
10,R0_54,0.25,2024-04-17,429,229.9,25.0,5747.5,True
10,R0_54,0.25,2024-01-31,585,217.9,25.0,5447.5,True
10,R0_54,0.25,2024-02-07,585,205.9,25.0,5147.5,True
10,R0_54,0.25,2024-02-14,585,195.9,25.0,4897.5,True
10,R0_54,0.25,2024-02-21,585,189.9,25.0,4747.5,True
10,R0_54,0.25,2024-02-28,585,229.9,25.0,5747.5,True
10,R0_54,0.25,2024-03-06,585,229.9,25.0,5747.5,True
10,R0_54,0.25,2024-03-13,585,222.9,25.0,5572.5,True
10,R0_54,0.25,2024-03-20,585,213.9,25.0,5347.5,True
10,R0_54,0.25,2024-03-27,585,199.9,25.0,4997.5,True
10,R0_54,0.25,2024-04-03,585,191.7,50.0,9585.0,False
10,R0_54,0.25,2024-04-17,585,233.9,25.0,5847.5,True
10,R0_54,0.25,2024-01-24,261,171.9,25.0,4297.5,False
10,R0_54,0.25,2024-02-07,261,206.7,25.0,5167.5,True
10,R0_54,0.25,2024-02-14,261,196.9,25.0,4922.5,True
10,R0_54,0.25,2024-02-21,261,189.9,25.0,4747.5,True
10,R0_54,0.25,2024-02-28,261,189.5,25.0,4737.5,True
10,R0_54,0.25,2024-03-06,261,227.9,25.0,5697.5,True
10,R0_54,0.25,2024-03-13,261,209.9,25.0,5247.5,True
10,R0_54,0.25,2024-03-20,261,200.5,25.0,5012.5,True
10,R0_54,0.25,2024-03-27,261,197.9,25.0,4947.5,True
10,R0_54,0.25,2024-04-03,261,184.9,50.0,9245.0,False
10,R0_54,0.25,2024-04-17,261,233.9,25.0,5847.5,True
10,cand_54,0.25,2024-01-24,414,179.9,25.0,4497.5,False
10,cand_54,0.25,2024-02-07,414,209.9,25.0,5247.5,True
10,cand_54,0.25,2024-02-14,414,195.9,25.0,4897.5,True
10,cand_54,0.25,2024-02-21,414,191.9,25.0,4797.5,True
10,cand_54,0.25,2024-02-28,414,229.9,25.0,5747.5,True
10,cand_54,0.25,2024-03-06,414,229.9,25.0,5747.5,True
10,cand_54,0.25,2024-03-13,414,222.9,25.0,5572.5,True
10,cand_54,0.25,2024-03-20,414,209.9,25.0,5247.5,True
10,cand_54,0.25,2024-03-27,414,199.9,25.0,4997.5,True
10,cand_54,0.25,2024-04-03,414,189.9,50.0,9495.0,False
10,cand_54,0.25,2024-04-17,414,229.9,25.0,5747.5,True
10,cand_54,0.25,2024-01-31,18517,217.9,25.0,5447.5,True
10,cand_54,0.25,2024-02-07,18517,209.9,25.0,5247.5,True
10,cand_54,0.25,2024-02-14,18517,205.9,25.0,5147.5,True
10,cand_54,0.25,2024-02-21,18517,229.9,25.0,5747.5,True
10,cand_54,0.25,2024-02-28,18517,229.9,25.0,5747.5,True
10,cand_54,0.25,2024-03-06,18517,229.9,25.0,5747.5,True
10,cand_54,0.25,2024-03-13,18517,224.9,25.0,5622.5,True
10,cand_54,0.25,2024-03-20,18517,217.9,25.0,5447.5,True
10,cand_54,0.25,2024-03-27,18517,199.9,25.0,4997.5,True
10,cand_54,0.25,2024-04-03,18517,189.9,50.0,9495.0,False
10,cand_54,0.25,2024-04-17,18517,229.9,25.0,5747.5,True
10,cand_54,0.25,2024-01-24,429,176.9,25.0,4422.5,False
10,cand_54,0.25,2024-02-07,429,207.9,25.0,5197.5,True
10,cand_54,0.25,2024-02-14,429,197.9,25.0,4947.5,True
10,cand_54,0.25,2024-02-21,429,189.9,25.0,4747.5,True
10,cand_54,0.25,2024-02-28,429,227.9,25.0,5697.5,True
10,cand_54,0.25,2024-03-06,429,227.9,25.0,5697.5,True
10,cand_54,0.25,2024-03-13,429,219.9,25.0,5497.5,True
10,cand_54,0.25,2024-03-20,429,212.9,25.0,5322.5,True
10,cand_54,0.25,2024-03-27,429,197.9,25.0,4947.5,True
10,cand_54,0.25,2024-04-03,429,189.9,50.0,9495.0,False
10,cand_54,0.25,2024-04-17,429,229.9,25.0,5747.5,True
10,cand_54,0.25,2024-01-31,585,217.9,25.0,5447.5,True
10,cand_54,0.25,2024-02-07,585,205.9,25.0,5147.5,True
10,cand_54,0.25,2024-02-14,585,195.9,25.0,4897.5,True
10,cand_54,0.25,2024-02-21,585,189.9,50.0,9495.0,False
10,cand_54,0.25,2024-03-06,585,229.9,25.0,5747.5,True
10,cand_54,0.25,2024-03-13,585,222.9,25.0,5572.5,True
10,cand_54,0.25,2024-03-20,585,213.9,25.0,5347.5,True
10,cand_54,0.25,2024-03-27,585,199.9,25.0,4997.5,True
10,cand_54,0.25,2024-04-03,585,191.7,50.0,9585.0,False
10,cand_54,0.25,2024-04-17,585,233.9,25.0,5847.5,True
10,cand_54,0.25,2024-01-24,261,171.9,25.0,4297.5,False
10,cand_54,0.25,2024-02-07,261,206.7,25.0,5167.5,True
10,cand_54,0.25,2024-02-14,261,196.9,25.0,4922.5,True
10,cand_54,0.25,2024-02-21,261,189.9,25.0,4747.5,True
10,cand_54,0.25,2024-02-28,261,189.5,25.0,4737.5,True
10,cand_54,0.25,2024-03-06,261,227.9,25.0,5697.5,True
10,cand_54,0.25,2024-03-13,261,209.9,25.0,5247.5,True
10,cand_54,0.25,2024-03-20,261,200.5,25.0,5012.5,True
10,cand_54,0.25,2024-03-27,261,197.9,25.0,4947.5,True
10,cand_54,0.25,2024-04-03,261,184.9,50.0,9245.0,False
10,cand_54,0.25,2024-04-17,261,233.9,25.0,5847.5,True
10,R0_64,0.25,2024-01-24,414,179.9,25.0,4497.5,False
10,R0_64,0.25,2024-02-07,414,209.9,25.0,5247.5,True
10,R0_64,0.25,2024-02-14,414,195.9,25.0,4897.5,True
10,R0_64,0.25,2024-02-21,414,191.9,25.0,4797.5,True
10,R0_64,0.25,2024-02-28,414,229.9,25.0,5747.5,True
10,R0_64,0.25,2024-03-06,414,229.9,25.0,5747.5,True
10,R0_64,0.25,2024-03-13,414,222.9,25.0,5572.5,True
10,R0_64,0.25,2024-03-20,414,209.9,25.0,5247.5,True
10,R0_64,0.25,2024-03-27,414,199.9,25.0,4997.5,True
10,R0_64,0.25,2024-04-03,414,189.9,50.0,9495.0,False
10,R0_64,0.25,2024-04-17,414,229.9,25.0,5747.5,True
10,R0_64,0.25,2024-01-31,18517,217.9,25.0,5447.5,True
10,R0_64,0.25,2024-02-07,18517,209.9,25.0,5247.5,True
10,R0_64,0.25,2024-02-14,18517,205.9,25.0,5147.5,True
10,R0_64,0.25,2024-02-21,18517,229.9,25.0,5747.5,True
10,R0_64,0.25,2024-02-28,18517,229.9,25.0,5747.5,True
10,R0_64,0.25,2024-03-06,18517,229.9,25.0,5747.5,True
10,R0_64,0.25,2024-03-13,18517,224.9,25.0,5622.5,True
10,R0_64,0.25,2024-03-20,18517,217.9,25.0,5447.5,True
10,R0_64,0.25,2024-03-27,18517,199.9,25.0,4997.5,True
10,R0_64,0.25,2024-04-03,18517,189.9,50.0,9495.0,False
10,R0_64,0.25,2024-04-17,18517,229.9,25.0,5747.5,True
10,R0_64,0.25,2024-01-24,429,176.9,25.0,4422.5,False
10,R0_64,0.25,2024-02-07,429,207.9,25.0,5197.5,True
10,R0_64,0.25,2024-02-14,429,197.9,25.0,4947.5,True
10,R0_64,0.25,2024-02-21,429,189.9,25.0,4747.5,True
10,R0_64,0.25,2024-02-28,429,227.9,25.0,5697.5,True
10,R0_64,0.25,2024-03-06,429,227.9,25.0,5697.5,True
10,R0_64,0.25,2024-03-13,429,219.9,25.0,5497.5,True
10,R0_64,0.25,2024-03-20,429,212.9,25.0,5322.5,True
10,R0_64,0.25,2024-03-27,429,197.9,25.0,4947.5,True
10,R0_64,0.25,2024-04-03,429,189.9,50.0,9495.0,False
10,R0_64,0.25,2024-04-17,429,229.9,25.0,5747.5,True
10,R0_64,0.25,2024-01-31,585,217.9,25.0,5447.5,True
10,R0_64,0.25,2024-02-07,585,205.9,25.0,5147.5,True
10,R0_64,0.25,2024-02-14,585,195.9,25.0,4897.5,True
10,R0_64,0.25,2024-02-21,585,189.9,25.0,4747.5,True
10,R0_64,0.25,2024-02-28,585,229.9,25.0,5747.5,True
10,R0_64,0.25,2024-03-06,585,229.9,25.0,5747.5,True
10,R0_64,0.25,2024-03-13,585,222.9,25.0,5572.5,True
10,R0_64,0.25,2024-03-20,585,213.9,25.0,5347.5,True
10,R0_64,0.25,2024-03-27,585,199.9,25.0,4997.5,True
10,R0_64,0.25,2024-04-03,585,191.7,50.0,9585.0,False
10,R0_64,0.25,2024-04-17,585,233.9,25.0,5847.5,True
10,R0_64,0.25,2024-01-24,261,171.9,25.0,4297.5,False
10,R0_64,0.25,2024-02-07,261,206.7,25.0,5167.5,True
10,R0_64,0.25,2024-02-14,261,196.9,25.0,4922.5,True
10,R0_64,0.25,2024-02-21,261,189.9,25.0,4747.5,True
10,R0_64,0.25,2024-02-28,261,189.5,25.0,4737.5,True
10,R0_64,0.25,2024-03-06,261,227.9,25.0,5697.5,True
10,R0_64,0.25,2024-03-13,261,209.9,25.0,5247.5,True
10,R0_64,0.25,2024-03-20,261,200.5,25.0,5012.5,True
10,R0_64,0.25,2024-03-27,261,197.9,25.0,4947.5,True
10,R0_64,0.25,2024-04-03,261,184.9,50.0,9245.0,False
10,R0_64,0.25,2024-04-17,261,233.9,25.0,5847.5,True
11,always_buy,,2024-04-23,414,229.9,25.0,5747.5,False
11,always_buy,,2024-04-30,414,225.9,25.0,5647.5,False
11,always_buy,,2024-05-07,414,214.9,25.0,5372.5,False
11,always_buy,,2024-05-14,414,194.9,25.0,4872.5,False
11,always_buy,,2024-05-21,414,187.9,25.0,4697.5,False
11,always_buy,,2024-05-28,414,227.9,25.0,5697.5,False
11,always_buy,,2024-06-04,414,227.9,25.0,5697.5,False
11,always_buy,,2024-06-11,414,227.9,25.0,5697.5,False
11,always_buy,,2024-06-18,414,220.9,25.0,5522.5,False
11,always_buy,,2024-06-25,414,199.9,25.0,4997.5,False
11,always_buy,,2024-07-02,414,189.9,25.0,4747.5,False
11,always_buy,,2024-07-09,414,179.9,25.0,4497.5,False
11,always_buy,,2024-07-16,414,217.9,25.0,5447.5,False
11,always_buy,,2024-04-23,18517,229.9,25.0,5747.5,False
11,always_buy,,2024-04-30,18517,227.9,25.0,5697.5,False
11,always_buy,,2024-05-07,18517,223.9,25.0,5597.5,False
11,always_buy,,2024-05-14,18517,194.9,25.0,4872.5,False
11,always_buy,,2024-05-21,18517,191.9,25.0,4797.5,False
11,always_buy,,2024-05-28,18517,227.9,25.0,5697.5,False
11,always_buy,,2024-06-04,18517,227.9,25.0,5697.5,False
11,always_buy,,2024-06-11,18517,225.9,25.0,5647.5,False
11,always_buy,,2024-06-18,18517,220.9,25.0,5522.5,False
11,always_buy,,2024-06-25,18517,217.9,25.0,5447.5,False
11,always_buy,,2024-07-02,18517,197.9,25.0,4947.5,False
11,always_buy,,2024-07-09,18517,217.9,25.0,5447.5,False
11,always_buy,,2024-07-16,18517,217.9,25.0,5447.5,False
11,always_buy,,2024-04-23,429,227.9,25.0,5697.5,False
11,always_buy,,2024-04-30,429,221.9,25.0,5547.5,False
11,always_buy,,2024-05-07,429,209.9,25.0,5247.5,False
11,always_buy,,2024-05-14,429,192.9,25.0,4822.5,False
11,always_buy,,2024-05-21,429,186.9,25.0,4672.5,False
11,always_buy,,2024-05-28,429,180.9,25.0,4522.5,False
11,always_buy,,2024-06-04,429,223.9,25.0,5597.5,False
11,always_buy,,2024-06-11,429,220.9,25.0,5522.5,False
11,always_buy,,2024-06-18,429,217.9,25.0,5447.5,False
11,always_buy,,2024-06-25,429,210.9,25.0,5272.5,False
11,always_buy,,2024-07-02,429,196.9,25.0,4922.5,False
11,always_buy,,2024-07-09,429,193.9,25.0,4847.5,False
11,always_buy,,2024-07-16,429,216.9,25.0,5422.5,False
11,always_buy,,2024-04-23,585,227.9,25.0,5697.5,False
11,always_buy,,2024-04-30,585,221.9,25.0,5547.5,False
11,always_buy,,2024-05-07,585,211.9,25.0,5297.5,False
11,always_buy,,2024-05-14,585,201.9,25.0,5047.5,False
11,always_buy,,2024-05-21,585,186.9,25.0,4672.5,False
11,always_buy,,2024-05-28,585,181.5,25.0,4537.5,False
11,always_buy,,2024-06-04,585,227.9,25.0,5697.5,False
11,always_buy,,2024-06-11,585,227.9,25.0,5697.5,False
11,always_buy,,2024-06-18,585,224.9,25.0,5622.5,False
11,always_buy,,2024-06-25,585,213.9,25.0,5347.5,False
11,always_buy,,2024-07-02,585,199.9,25.0,4997.5,False
11,always_buy,,2024-07-09,585,217.9,25.0,5447.5,False
11,always_buy,,2024-07-16,585,217.9,25.0,5447.5,False
11,always_buy,,2024-04-23,261,227.9,25.0,5697.5,False
11,always_buy,,2024-04-30,261,209.9,25.0,5247.5,False
11,always_buy,,2024-05-07,261,209.9,25.0,5247.5,False
11,always_buy,,2024-05-14,261,187.9,25.0,4697.5,False
11,always_buy,,2024-05-21,261,183.9,25.0,4597.5,False
11,always_buy,,2024-05-28,261,177.5,25.0,4437.5,False
11,always_buy,,2024-06-04,261,177.5,25.0,4437.5,False
11,always_buy,,2024-06-11,261,227.9,25.0,5697.5,False
11,always_buy,,2024-06-18,261,217.9,25.0,5447.5,False
11,always_buy,,2024-06-25,261,210.5,25.0,5262.5,False
11,always_buy,,2024-07-02,261,198.9,25.0,4972.5,False
11,always_buy,,2024-07-09,261,191.9,25.0,4797.5,False
11,always_buy,,2024-07-16,261,217.9,25.0,5447.5,False
11,R0_54,0.25,2024-04-30,414,225.9,25.0,5647.5,True
11,R0_54,0.25,2024-05-07,414,214.9,25.0,5372.5,True
11,R0_54,0.25,2024-05-14,414,194.9,50.0,9745.0,False
11,R0_54,0.25,2024-05-21,414,187.9,25.0,4697.5,False
11,R0_54,0.25,2024-06-04,414,227.9,25.0,5697.5,True
11,R0_54,0.25,2024-06-11,414,227.9,25.0,5697.5,True
11,R0_54,0.25,2024-06-18,414,220.9,25.0,5522.5,True
11,R0_54,0.25,2024-06-25,414,199.9,25.0,4997.5,True
11,R0_54,0.25,2024-07-02,414,189.9,25.0,4747.5,True
11,R0_54,0.25,2024-07-09,414,179.9,50.0,8995.0,False
11,R0_54,0.25,2024-04-30,18517,227.9,25.0,5697.5,True
11,R0_54,0.25,2024-05-07,18517,223.9,50.0,11195.0,False
11,R0_54,0.25,2024-05-14,18517,194.9,25.0,4872.5,False
11,R0_54,0.25,2024-05-21,18517,191.9,25.0,4797.5,False
11,R0_54,0.25,2024-06-04,18517,227.9,25.0,5697.5,True
11,R0_54,0.25,2024-06-11,18517,225.9,25.0,5647.5,True
11,R0_54,0.25,2024-06-18,18517,220.9,25.0,5522.5,True
11,R0_54,0.25,2024-06-25,18517,217.9,25.0,5447.5,True
11,R0_54,0.25,2024-07-02,18517,197.9,25.0,4947.5,True
11,R0_54,0.25,2024-07-09,18517,217.9,25.0,5447.5,True
11,R0_54,0.25,2024-07-16,18517,217.9,25.0,5447.5,True
11,R0_54,0.25,2024-04-30,429,221.9,25.0,5547.5,True
11,R0_54,0.25,2024-05-07,429,209.9,25.0,5247.5,True
11,R0_54,0.25,2024-05-14,429,192.9,50.0,9645.0,False
11,R0_54,0.25,2024-05-21,429,186.9,25.0,4672.5,False
11,R0_54,0.25,2024-05-28,429,180.9,25.0,4522.5,False
11,R0_54,0.25,2024-06-11,429,220.9,25.0,5522.5,True
11,R0_54,0.25,2024-06-18,429,217.9,25.0,5447.5,True
11,R0_54,0.25,2024-06-25,429,210.9,25.0,5272.5,True
11,R0_54,0.25,2024-07-02,429,196.9,25.0,4922.5,True
11,R0_54,0.25,2024-07-09,429,193.9,50.0,9695.0,False
11,R0_54,0.25,2024-04-30,585,221.9,25.0,5547.5,True
11,R0_54,0.25,2024-05-07,585,211.9,25.0,5297.5,True
11,R0_54,0.25,2024-05-14,585,201.9,25.0,5047.5,True
11,R0_54,0.25,2024-05-21,585,186.9,50.0,9345.0,False
11,R0_54,0.25,2024-05-28,585,181.5,25.0,4537.5,False
11,R0_54,0.25,2024-06-11,585,227.9,25.0,5697.5,True
11,R0_54,0.25,2024-06-18,585,224.9,25.0,5622.5,True
11,R0_54,0.25,2024-06-25,585,213.9,25.0,5347.5,True
11,R0_54,0.25,2024-07-02,585,199.9,25.0,4997.5,True
11,R0_54,0.25,2024-07-09,585,217.9,25.0,5447.5,True
11,R0_54,0.25,2024-07-16,585,217.9,25.0,5447.5,True
11,R0_54,0.25,2024-04-30,261,209.9,25.0,5247.5,True
11,R0_54,0.25,2024-05-07,261,209.9,25.0,5247.5,True
11,R0_54,0.25,2024-05-14,261,187.9,50.0,9395.0,False
11,R0_54,0.25,2024-05-21,261,183.9,25.0,4597.5,False
11,R0_54,0.25,2024-05-28,261,177.5,25.0,4437.5,False
11,R0_54,0.25,2024-06-04,261,177.5,25.0,4437.5,False
11,R0_54,0.25,2024-06-18,261,217.9,25.0,5447.5,True
11,R0_54,0.25,2024-06-25,261,210.5,25.0,5262.5,True
11,R0_54,0.25,2024-07-02,261,198.9,25.0,4972.5,True
11,R0_54,0.25,2024-07-09,261,191.9,50.0,9595.0,False
11,cand_54,0.25,2024-04-30,414,225.9,25.0,5647.5,True
11,cand_54,0.25,2024-05-07,414,214.9,25.0,5372.5,True
11,cand_54,0.25,2024-05-14,414,194.9,50.0,9745.0,False
11,cand_54,0.25,2024-05-21,414,187.9,25.0,4697.5,False
11,cand_54,0.25,2024-06-04,414,227.9,25.0,5697.5,True
11,cand_54,0.25,2024-06-11,414,227.9,25.0,5697.5,True
11,cand_54,0.25,2024-06-18,414,220.9,25.0,5522.5,True
11,cand_54,0.25,2024-06-25,414,199.9,25.0,4997.5,True
11,cand_54,0.25,2024-07-02,414,189.9,50.0,9495.0,False
11,cand_54,0.25,2024-07-09,414,179.9,25.0,4497.5,False
11,cand_54,0.25,2024-04-30,18517,227.9,25.0,5697.5,True
11,cand_54,0.25,2024-05-07,18517,223.9,25.0,5597.5,True
11,cand_54,0.25,2024-05-14,18517,194.9,50.0,9745.0,False
11,cand_54,0.25,2024-05-21,18517,191.9,25.0,4797.5,False
11,cand_54,0.25,2024-06-04,18517,227.9,25.0,5697.5,True
11,cand_54,0.25,2024-06-11,18517,225.9,25.0,5647.5,True
11,cand_54,0.25,2024-06-18,18517,220.9,25.0,5522.5,True
11,cand_54,0.25,2024-06-25,18517,217.9,25.0,5447.5,True
11,cand_54,0.25,2024-07-02,18517,197.9,25.0,4947.5,True
11,cand_54,0.25,2024-07-09,18517,217.9,25.0,5447.5,True
11,cand_54,0.25,2024-07-16,18517,217.9,25.0,5447.5,True
11,cand_54,0.25,2024-04-30,429,221.9,25.0,5547.5,True
11,cand_54,0.25,2024-05-07,429,209.9,25.0,5247.5,True
11,cand_54,0.25,2024-05-14,429,192.9,50.0,9645.0,False
11,cand_54,0.25,2024-05-21,429,186.9,25.0,4672.5,False
11,cand_54,0.25,2024-05-28,429,180.9,25.0,4522.5,False
11,cand_54,0.25,2024-06-11,429,220.9,25.0,5522.5,True
11,cand_54,0.25,2024-06-18,429,217.9,25.0,5447.5,True
11,cand_54,0.25,2024-06-25,429,210.9,25.0,5272.5,True
11,cand_54,0.25,2024-07-02,429,196.9,25.0,4922.5,True
11,cand_54,0.25,2024-07-09,429,193.9,50.0,9695.0,False
11,cand_54,0.25,2024-04-30,585,221.9,25.0,5547.5,True
11,cand_54,0.25,2024-05-07,585,211.9,25.0,5297.5,True
11,cand_54,0.25,2024-05-14,585,201.9,25.0,5047.5,True
11,cand_54,0.25,2024-05-21,585,186.9,50.0,9345.0,False
11,cand_54,0.25,2024-05-28,585,181.5,25.0,4537.5,False
11,cand_54,0.25,2024-06-11,585,227.9,25.0,5697.5,True
11,cand_54,0.25,2024-06-18,585,224.9,25.0,5622.5,True
11,cand_54,0.25,2024-06-25,585,213.9,25.0,5347.5,True
11,cand_54,0.25,2024-07-02,585,199.9,25.0,4997.5,True
11,cand_54,0.25,2024-07-09,585,217.9,25.0,5447.5,True
11,cand_54,0.25,2024-07-16,585,217.9,25.0,5447.5,True
11,cand_54,0.25,2024-04-30,261,209.9,25.0,5247.5,True
11,cand_54,0.25,2024-05-07,261,209.9,25.0,5247.5,True
11,cand_54,0.25,2024-05-14,261,187.9,50.0,9395.0,False
11,cand_54,0.25,2024-05-21,261,183.9,25.0,4597.5,False
11,cand_54,0.25,2024-05-28,261,177.5,25.0,4437.5,False
11,cand_54,0.25,2024-06-04,261,177.5,25.0,4437.5,False
11,cand_54,0.25,2024-06-18,261,217.9,25.0,5447.5,True
11,cand_54,0.25,2024-06-25,261,210.5,25.0,5262.5,True
11,cand_54,0.25,2024-07-02,261,198.9,25.0,4972.5,True
11,cand_54,0.25,2024-07-09,261,191.9,50.0,9595.0,False
11,R0_64,0.25,2024-04-30,414,225.9,25.0,5647.5,True
11,R0_64,0.25,2024-05-07,414,214.9,25.0,5372.5,True
11,R0_64,0.25,2024-05-14,414,194.9,50.0,9745.0,False
11,R0_64,0.25,2024-05-21,414,187.9,25.0,4697.5,False
11,R0_64,0.25,2024-06-04,414,227.9,25.0,5697.5,True
11,R0_64,0.25,2024-06-11,414,227.9,25.0,5697.5,True
11,R0_64,0.25,2024-06-18,414,220.9,25.0,5522.5,True
11,R0_64,0.25,2024-06-25,414,199.9,25.0,4997.5,True
11,R0_64,0.25,2024-07-02,414,189.9,50.0,9495.0,False
11,R0_64,0.25,2024-07-09,414,179.9,25.0,4497.5,False
11,R0_64,0.25,2024-04-30,18517,227.9,25.0,5697.5,True
11,R0_64,0.25,2024-05-07,18517,223.9,25.0,5597.5,True
11,R0_64,0.25,2024-05-14,18517,194.9,50.0,9745.0,False
11,R0_64,0.25,2024-05-21,18517,191.9,25.0,4797.5,False
11,R0_64,0.25,2024-06-04,18517,227.9,25.0,5697.5,True
11,R0_64,0.25,2024-06-11,18517,225.9,25.0,5647.5,True
11,R0_64,0.25,2024-06-18,18517,220.9,25.0,5522.5,True
11,R0_64,0.25,2024-06-25,18517,217.9,25.0,5447.5,True
11,R0_64,0.25,2024-07-02,18517,197.9,25.0,4947.5,True
11,R0_64,0.25,2024-07-09,18517,217.9,25.0,5447.5,True
11,R0_64,0.25,2024-07-16,18517,217.9,25.0,5447.5,True
11,R0_64,0.25,2024-04-30,429,221.9,25.0,5547.5,True
11,R0_64,0.25,2024-05-07,429,209.9,25.0,5247.5,True
11,R0_64,0.25,2024-05-14,429,192.9,50.0,9645.0,False
11,R0_64,0.25,2024-05-21,429,186.9,25.0,4672.5,False
11,R0_64,0.25,2024-05-28,429,180.9,25.0,4522.5,False
11,R0_64,0.25,2024-06-11,429,220.9,25.0,5522.5,True
11,R0_64,0.25,2024-06-18,429,217.9,25.0,5447.5,True
11,R0_64,0.25,2024-06-25,429,210.9,25.0,5272.5,True
11,R0_64,0.25,2024-07-02,429,196.9,25.0,4922.5,True
11,R0_64,0.25,2024-07-09,429,193.9,50.0,9695.0,False
11,R0_64,0.25,2024-04-30,585,221.9,25.0,5547.5,True
11,R0_64,0.25,2024-05-07,585,211.9,25.0,5297.5,True
11,R0_64,0.25,2024-05-14,585,201.9,25.0,5047.5,True
11,R0_64,0.25,2024-05-21,585,186.9,50.0,9345.0,False
11,R0_64,0.25,2024-05-28,585,181.5,25.0,4537.5,False
11,R0_64,0.25,2024-06-11,585,227.9,25.0,5697.5,True
11,R0_64,0.25,2024-06-18,585,224.9,25.0,5622.5,True
11,R0_64,0.25,2024-06-25,585,213.9,25.0,5347.5,True
11,R0_64,0.25,2024-07-02,585,199.9,25.0,4997.5,True
11,R0_64,0.25,2024-07-09,585,217.9,25.0,5447.5,True
11,R0_64,0.25,2024-07-16,585,217.9,25.0,5447.5,True
11,R0_64,0.25,2024-04-30,261,209.9,25.0,5247.5,True
11,R0_64,0.25,2024-05-07,261,209.9,25.0,5247.5,True
11,R0_64,0.25,2024-05-14,261,187.9,50.0,9395.0,False
11,R0_64,0.25,2024-05-21,261,183.9,25.0,4597.5,False
11,R0_64,0.25,2024-05-28,261,177.5,25.0,4437.5,False
11,R0_64,0.25,2024-06-04,261,177.5,25.0,4437.5,False
11,R0_64,0.25,2024-06-18,261,217.9,25.0,5447.5,True
11,R0_64,0.25,2024-06-25,261,210.5,25.0,5262.5,True
11,R0_64,0.25,2024-07-02,261,198.9,25.0,4972.5,True
11,R0_64,0.25,2024-07-09,261,191.9,50.0,9595.0,False
12,always_buy,,2024-07-22,414,217.9,25.0,5447.5,False
12,always_buy,,2024-07-29,414,209.9,25.0,5247.5,False
12,always_buy,,2024-08-05,414,198.9,25.0,4972.5,False
12,always_buy,,2024-08-12,414,185.9,25.0,4647.5,False
12,always_buy,,2024-08-19,414,174.9,25.0,4372.5,False
12,always_buy,,2024-08-26,414,207.9,25.0,5197.5,False
12,always_buy,,2024-09-02,414,207.9,25.0,5197.5,False
12,always_buy,,2024-09-09,414,187.9,25.0,4697.5,False
12,always_buy,,2024-09-16,414,169.9,25.0,4247.5,False
12,always_buy,,2024-09-23,414,157.9,25.0,3947.5,False
12,always_buy,,2024-09-30,414,197.9,25.0,4947.5,False
12,always_buy,,2024-10-07,414,193.9,25.0,4847.5,False
12,always_buy,,2024-10-14,414,179.9,25.0,4497.5,False
12,always_buy,,2024-07-22,18517,217.9,25.0,5447.5,False
12,always_buy,,2024-07-29,18517,215.9,25.0,5397.5,False
12,always_buy,,2024-08-05,18517,202.9,25.0,5072.5,False
12,always_buy,,2024-08-12,18517,187.9,25.0,4697.5,False
12,always_buy,,2024-08-19,18517,174.9,25.0,4372.5,False
12,always_buy,,2024-08-26,18517,217.9,25.0,5447.5,False
12,always_buy,,2024-09-02,18517,207.9,25.0,5197.5,False
12,always_buy,,2024-09-09,18517,187.9,25.0,4697.5,False
12,always_buy,,2024-09-16,18517,172.9,25.0,4322.5,False
12,always_buy,,2024-09-23,18517,197.9,25.0,4947.5,False
12,always_buy,,2024-09-30,18517,197.9,25.0,4947.5,False
12,always_buy,,2024-10-07,18517,197.9,25.0,4947.5,False
12,always_buy,,2024-10-14,18517,183.9,25.0,4597.5,False
12,always_buy,,2024-07-22,429,216.9,25.0,5422.5,False
12,always_buy,,2024-07-29,429,209.9,25.0,5247.5,False
12,always_buy,,2024-08-05,429,197.9,25.0,4947.5,False
12,always_buy,,2024-08-12,429,183.9,25.0,4597.5,False
12,always_buy,,2024-08-19,429,172.9,25.0,4322.5,False
12,always_buy,,2024-08-26,429,207.9,25.0,5197.5,False
12,always_buy,,2024-09-02,429,203.9,25.0,5097.5,False
12,always_buy,,2024-09-09,429,181.9,25.0,4547.5,False
12,always_buy,,2024-09-16,429,168.7,25.0,4217.5,False
12,always_buy,,2024-09-23,429,155.9,25.0,3897.5,False
12,always_buy,,2024-09-30,429,196.9,25.0,4922.5,False
12,always_buy,,2024-10-07,429,194.9,25.0,4872.5,False
12,always_buy,,2024-10-14,429,177.9,25.0,4447.5,False
12,always_buy,,2024-07-22,585,217.9,25.0,5447.5,False
12,always_buy,,2024-07-29,585,209.9,25.0,5247.5,False
12,always_buy,,2024-08-05,585,197.9,25.0,4947.5,False
12,always_buy,,2024-08-12,585,183.9,25.0,4597.5,False
12,always_buy,,2024-08-19,585,172.9,25.0,4322.5,False
12,always_buy,,2024-08-26,585,207.9,25.0,5197.5,False
12,always_buy,,2024-09-02,585,204.9,25.0,5122.5,False
12,always_buy,,2024-09-09,585,181.9,25.0,4547.5,False
12,always_buy,,2024-09-16,585,168.9,25.0,4222.5,False
12,always_buy,,2024-09-23,585,155.9,25.0,3897.5,False
12,always_buy,,2024-09-30,585,197.9,25.0,4947.5,False
12,always_buy,,2024-10-07,585,194.9,25.0,4872.5,False
12,always_buy,,2024-10-14,585,181.9,25.0,4547.5,False
12,always_buy,,2024-07-22,261,215.7,25.0,5392.5,False
12,always_buy,,2024-07-29,261,199.7,25.0,4992.5,False
12,always_buy,,2024-08-05,261,196.5,25.0,4912.5,False
12,always_buy,,2024-08-12,261,178.9,25.0,4472.5,False
12,always_buy,,2024-08-19,261,171.5,25.0,4287.5,False
12,always_buy,,2024-08-26,261,217.9,25.0,5447.5,False
12,always_buy,,2024-09-02,261,201.9,25.0,5047.5,False
12,always_buy,,2024-09-09,261,174.3,25.0,4357.5,False
12,always_buy,,2024-09-16,261,168.5,25.0,4212.5,False
12,always_buy,,2024-09-23,261,152.9,25.0,3822.5,False
12,always_buy,,2024-09-30,261,197.9,25.0,4947.5,False
12,always_buy,,2024-10-07,261,194.9,25.0,4872.5,False
12,always_buy,,2024-10-14,261,179.7,25.0,4492.5,False
12,R0_54,0.25,2024-07-29,414,209.9,25.0,5247.5,True
12,R0_54,0.25,2024-08-05,414,198.9,25.0,4972.5,True
12,R0_54,0.25,2024-08-12,414,185.9,50.0,9295.0,False
12,R0_54,0.25,2024-08-19,414,174.9,25.0,4372.5,False
12,R0_54,0.25,2024-09-02,414,207.9,25.0,5197.5,True
12,R0_54,0.25,2024-09-09,414,187.9,25.0,4697.5,True
12,R0_54,0.25,2024-09-16,414,169.9,50.0,8495.0,False
12,R0_54,0.25,2024-09-23,414,157.9,25.0,3947.5,False
12,R0_54,0.25,2024-10-07,414,193.9,25.0,4847.5,True
12,R0_54,0.25,2024-10-14,414,179.9,25.0,4497.5,True
12,R0_54,0.25,2024-07-29,18517,215.9,25.0,5397.5,True
12,R0_54,0.25,2024-08-05,18517,202.9,25.0,5072.5,True
12,R0_54,0.25,2024-08-12,18517,187.9,50.0,9395.0,False
12,R0_54,0.25,2024-08-19,18517,174.9,25.0,4372.5,False
12,R0_54,0.25,2024-09-02,18517,207.9,25.0,5197.5,True
12,R0_54,0.25,2024-09-09,18517,187.9,25.0,4697.5,True
12,R0_54,0.25,2024-09-16,18517,172.9,50.0,8645.0,False
12,R0_54,0.25,2024-09-30,18517,197.9,25.0,4947.5,True
12,R0_54,0.25,2024-10-07,18517,197.9,25.0,4947.5,True
12,R0_54,0.25,2024-10-14,18517,183.9,25.0,4597.5,True
12,R0_54,0.25,2024-07-29,429,209.9,25.0,5247.5,True
12,R0_54,0.25,2024-08-05,429,197.9,25.0,4947.5,True
12,R0_54,0.25,2024-08-12,429,183.9,50.0,9195.0,False
12,R0_54,0.25,2024-08-19,429,172.9,25.0,4322.5,False
12,R0_54,0.25,2024-09-02,429,203.9,25.0,5097.5,True
12,R0_54,0.25,2024-09-09,429,181.9,25.0,4547.5,True
12,R0_54,0.25,2024-09-16,429,168.7,50.0,8435.0,False
12,R0_54,0.25,2024-09-23,429,155.9,25.0,3897.5,False
12,R0_54,0.25,2024-10-07,429,194.9,25.0,4872.5,True
12,R0_54,0.25,2024-10-14,429,177.9,25.0,4447.5,True
12,R0_54,0.25,2024-07-29,585,209.9,25.0,5247.5,True
12,R0_54,0.25,2024-08-05,585,197.9,25.0,4947.5,True
12,R0_54,0.25,2024-08-12,585,183.9,50.0,9195.0,False
12,R0_54,0.25,2024-08-19,585,172.9,25.0,4322.5,False
12,R0_54,0.25,2024-09-02,585,204.9,25.0,5122.5,True
12,R0_54,0.25,2024-09-09,585,181.9,25.0,4547.5,True
12,R0_54,0.25,2024-09-16,585,168.9,50.0,8445.0,False
12,R0_54,0.25,2024-09-23,585,155.9,25.0,3897.5,False
12,R0_54,0.25,2024-10-07,585,194.9,25.0,4872.5,True
12,R0_54,0.25,2024-10-14,585,181.9,25.0,4547.5,True
12,R0_54,0.25,2024-07-29,261,199.7,25.0,4992.5,True
12,R0_54,0.25,2024-08-05,261,196.5,25.0,4912.5,True
12,R0_54,0.25,2024-08-12,261,178.9,50.0,8945.0,False
12,R0_54,0.25,2024-08-19,261,171.5,25.0,4287.5,False
12,R0_54,0.25,2024-09-02,261,201.9,25.0,5047.5,True
12,R0_54,0.25,2024-09-09,261,174.3,50.0,8715.0,False
12,R0_54,0.25,2024-09-16,261,168.5,25.0,4212.5,False
12,R0_54,0.25,2024-09-23,261,152.9,25.0,3822.5,False
12,R0_54,0.25,2024-10-07,261,194.9,25.0,4872.5,True
12,R0_54,0.25,2024-10-14,261,179.7,25.0,4492.5,True
12,cand_54,0.25,2024-07-29,414,209.9,25.0,5247.5,True
12,cand_54,0.25,2024-08-05,414,198.9,25.0,4972.5,True
12,cand_54,0.25,2024-08-12,414,185.9,50.0,9295.0,False
12,cand_54,0.25,2024-08-19,414,174.9,25.0,4372.5,False
12,cand_54,0.25,2024-09-02,414,207.9,25.0,5197.5,True
12,cand_54,0.25,2024-09-09,414,187.9,25.0,4697.5,True
12,cand_54,0.25,2024-09-16,414,169.9,50.0,8495.0,False
12,cand_54,0.25,2024-09-23,414,157.9,25.0,3947.5,False
12,cand_54,0.25,2024-10-07,414,193.9,25.0,4847.5,True
12,cand_54,0.25,2024-10-14,414,179.9,25.0,4497.5,True
12,cand_54,0.25,2024-07-29,18517,215.9,25.0,5397.5,True
12,cand_54,0.25,2024-08-05,18517,202.9,25.0,5072.5,True
12,cand_54,0.25,2024-08-12,18517,187.9,50.0,9395.0,False
12,cand_54,0.25,2024-08-19,18517,174.9,25.0,4372.5,False
12,cand_54,0.25,2024-09-02,18517,207.9,25.0,5197.5,True
12,cand_54,0.25,2024-09-09,18517,187.9,25.0,4697.5,True
12,cand_54,0.25,2024-09-16,18517,172.9,50.0,8645.0,False
12,cand_54,0.25,2024-09-30,18517,197.9,25.0,4947.5,True
12,cand_54,0.25,2024-10-07,18517,197.9,25.0,4947.5,True
12,cand_54,0.25,2024-10-14,18517,183.9,25.0,4597.5,True
12,cand_54,0.25,2024-07-29,429,209.9,25.0,5247.5,True
12,cand_54,0.25,2024-08-05,429,197.9,25.0,4947.5,True
12,cand_54,0.25,2024-08-12,429,183.9,50.0,9195.0,False
12,cand_54,0.25,2024-08-19,429,172.9,25.0,4322.5,False
12,cand_54,0.25,2024-09-02,429,203.9,25.0,5097.5,True
12,cand_54,0.25,2024-09-09,429,181.9,25.0,4547.5,True
12,cand_54,0.25,2024-09-16,429,168.7,50.0,8435.0,False
12,cand_54,0.25,2024-09-23,429,155.9,25.0,3897.5,False
12,cand_54,0.25,2024-10-07,429,194.9,25.0,4872.5,True
12,cand_54,0.25,2024-10-14,429,177.9,25.0,4447.5,True
12,cand_54,0.25,2024-07-29,585,209.9,25.0,5247.5,True
12,cand_54,0.25,2024-08-05,585,197.9,25.0,4947.5,True
12,cand_54,0.25,2024-08-12,585,183.9,25.0,4597.5,True
12,cand_54,0.25,2024-08-19,585,172.9,50.0,8645.0,False
12,cand_54,0.25,2024-09-02,585,204.9,25.0,5122.5,True
12,cand_54,0.25,2024-09-09,585,181.9,25.0,4547.5,True
12,cand_54,0.25,2024-09-16,585,168.9,50.0,8445.0,False
12,cand_54,0.25,2024-09-23,585,155.9,25.0,3897.5,False
12,cand_54,0.25,2024-10-07,585,194.9,25.0,4872.5,True
12,cand_54,0.25,2024-10-14,585,181.9,25.0,4547.5,True
12,cand_54,0.25,2024-07-29,261,199.7,25.0,4992.5,True
12,cand_54,0.25,2024-08-05,261,196.5,25.0,4912.5,True
12,cand_54,0.25,2024-08-12,261,178.9,50.0,8945.0,False
12,cand_54,0.25,2024-08-19,261,171.5,25.0,4287.5,False
12,cand_54,0.25,2024-09-02,261,201.9,25.0,5047.5,True
12,cand_54,0.25,2024-09-09,261,174.3,50.0,8715.0,False
12,cand_54,0.25,2024-09-16,261,168.5,25.0,4212.5,False
12,cand_54,0.25,2024-09-23,261,152.9,25.0,3822.5,False
12,cand_54,0.25,2024-10-07,261,194.9,25.0,4872.5,True
12,cand_54,0.25,2024-10-14,261,179.7,25.0,4492.5,True
12,R0_64,0.25,2024-07-29,414,209.9,25.0,5247.5,True
12,R0_64,0.25,2024-08-05,414,198.9,25.0,4972.5,True
12,R0_64,0.25,2024-08-12,414,185.9,50.0,9295.0,False
12,R0_64,0.25,2024-08-19,414,174.9,25.0,4372.5,False
12,R0_64,0.25,2024-09-02,414,207.9,25.0,5197.5,True
12,R0_64,0.25,2024-09-09,414,187.9,25.0,4697.5,True
12,R0_64,0.25,2024-09-16,414,169.9,50.0,8495.0,False
12,R0_64,0.25,2024-09-23,414,157.9,25.0,3947.5,False
12,R0_64,0.25,2024-10-07,414,193.9,25.0,4847.5,True
12,R0_64,0.25,2024-10-14,414,179.9,25.0,4497.5,True
12,R0_64,0.25,2024-07-29,18517,215.9,25.0,5397.5,True
12,R0_64,0.25,2024-08-05,18517,202.9,25.0,5072.5,True
12,R0_64,0.25,2024-08-12,18517,187.9,50.0,9395.0,False
12,R0_64,0.25,2024-08-19,18517,174.9,25.0,4372.5,False
12,R0_64,0.25,2024-09-02,18517,207.9,25.0,5197.5,True
12,R0_64,0.25,2024-09-09,18517,187.9,25.0,4697.5,True
12,R0_64,0.25,2024-09-16,18517,172.9,50.0,8645.0,False
12,R0_64,0.25,2024-09-30,18517,197.9,25.0,4947.5,True
12,R0_64,0.25,2024-10-07,18517,197.9,25.0,4947.5,True
12,R0_64,0.25,2024-10-14,18517,183.9,25.0,4597.5,True
12,R0_64,0.25,2024-07-29,429,209.9,25.0,5247.5,True
12,R0_64,0.25,2024-08-05,429,197.9,25.0,4947.5,True
12,R0_64,0.25,2024-08-12,429,183.9,50.0,9195.0,False
12,R0_64,0.25,2024-08-19,429,172.9,25.0,4322.5,False
12,R0_64,0.25,2024-09-02,429,203.9,25.0,5097.5,True
12,R0_64,0.25,2024-09-09,429,181.9,25.0,4547.5,True
12,R0_64,0.25,2024-09-16,429,168.7,50.0,8435.0,False
12,R0_64,0.25,2024-09-23,429,155.9,25.0,3897.5,False
12,R0_64,0.25,2024-10-07,429,194.9,25.0,4872.5,True
12,R0_64,0.25,2024-10-14,429,177.9,25.0,4447.5,True
12,R0_64,0.25,2024-07-29,585,209.9,25.0,5247.5,True
12,R0_64,0.25,2024-08-05,585,197.9,25.0,4947.5,True
12,R0_64,0.25,2024-08-12,585,183.9,50.0,9195.0,False
12,R0_64,0.25,2024-08-19,585,172.9,25.0,4322.5,False
12,R0_64,0.25,2024-09-02,585,204.9,25.0,5122.5,True
12,R0_64,0.25,2024-09-09,585,181.9,25.0,4547.5,True
12,R0_64,0.25,2024-09-16,585,168.9,50.0,8445.0,False
12,R0_64,0.25,2024-09-23,585,155.9,25.0,3897.5,False
12,R0_64,0.25,2024-10-07,585,194.9,25.0,4872.5,True
12,R0_64,0.25,2024-10-14,585,181.9,25.0,4547.5,True
12,R0_64,0.25,2024-07-29,261,199.7,25.0,4992.5,True
12,R0_64,0.25,2024-08-05,261,196.5,25.0,4912.5,True
12,R0_64,0.25,2024-08-12,261,178.9,50.0,8945.0,False
12,R0_64,0.25,2024-08-19,261,171.5,25.0,4287.5,False
12,R0_64,0.25,2024-09-02,261,201.9,25.0,5047.5,True
12,R0_64,0.25,2024-09-09,261,174.3,50.0,8715.0,False
12,R0_64,0.25,2024-09-16,261,168.5,25.0,4212.5,False
12,R0_64,0.25,2024-09-23,261,152.9,25.0,3822.5,False
12,R0_64,0.25,2024-10-07,261,194.9,25.0,4872.5,True
12,R0_64,0.25,2024-10-14,261,179.7,25.0,4492.5,True
13,always_buy,,2024-10-20,414,169.9,25.0,4247.5,False
13,always_buy,,2024-10-27,414,207.9,25.0,5197.5,False
13,always_buy,,2024-11-03,414,203.9,25.0,5097.5,False
13,always_buy,,2024-11-10,414,185.9,25.0,4647.5,False
13,always_buy,,2024-11-17,414,177.9,25.0,4447.5,False
13,always_buy,,2024-11-24,414,207.9,25.0,5197.5,False
13,always_buy,,2024-12-01,414,205.9,25.0,5147.5,False
13,always_buy,,2024-12-08,414,205.9,25.0,5147.5,False
13,always_buy,,2024-12-15,414,199.9,25.0,4997.5,False
13,always_buy,,2024-12-22,414,199.9,25.0,4997.5,False
13,always_buy,,2024-12-29,414,193.9,25.0,4847.5,False
13,always_buy,,2025-01-05,414,193.9,25.0,4847.5,False
13,always_buy,,2025-01-12,414,187.9,25.0,4697.5,False
13,always_buy,,2024-10-20,18517,174.9,25.0,4372.5,False
13,always_buy,,2024-10-27,18517,207.9,25.0,5197.5,False
13,always_buy,,2024-11-03,18517,207.9,25.0,5197.5,False
13,always_buy,,2024-11-10,18517,187.9,25.0,4697.5,False
13,always_buy,,2024-11-17,18517,184.9,25.0,4622.5,False
13,always_buy,,2024-11-24,18517,207.9,25.0,5197.5,False
13,always_buy,,2024-12-01,18517,207.9,25.0,5197.5,False
13,always_buy,,2024-12-08,18517,207.9,25.0,5197.5,False
13,always_buy,,2024-12-15,18517,207.9,25.0,5197.5,False
13,always_buy,,2024-12-22,18517,203.9,25.0,5097.5,False
13,always_buy,,2024-12-29,18517,195.9,25.0,4897.5,False
13,always_buy,,2025-01-05,18517,195.9,25.0,4897.5,False
13,always_buy,,2025-01-12,18517,188.9,25.0,4722.5,False
13,always_buy,,2024-10-20,429,170.7,25.0,4267.5,False
13,always_buy,,2024-10-27,429,161.9,25.0,4047.5,False
13,always_buy,,2024-11-03,429,204.9,25.0,5122.5,False
13,always_buy,,2024-11-10,429,179.9,25.0,4497.5,False
13,always_buy,,2024-11-17,429,172.5,25.0,4312.5,False
13,always_buy,,2024-11-24,429,171.7,25.0,4292.5,False
13,always_buy,,2024-12-01,429,206.9,25.0,5172.5,False
13,always_buy,,2024-12-08,429,204.9,25.0,5122.5,False
13,always_buy,,2024-12-15,429,201.9,25.0,5047.5,False
13,always_buy,,2024-12-22,429,199.9,25.0,4997.5,False
13,always_buy,,2024-12-29,429,195.9,25.0,4897.5,False
13,always_buy,,2025-01-05,429,195.9,25.0,4897.5,False
13,always_buy,,2025-01-12,429,184.9,25.0,4622.5,False
13,always_buy,,2024-10-20,585,170.7,25.0,4267.5,False
13,always_buy,,2024-10-27,585,161.9,25.0,4047.5,False
13,always_buy,,2024-11-03,585,204.9,25.0,5122.5,False
13,always_buy,,2024-11-10,585,179.9,25.0,4497.5,False
13,always_buy,,2024-11-17,585,172.9,25.0,4322.5,False
13,always_buy,,2024-11-24,585,207.9,25.0,5197.5,False
13,always_buy,,2024-12-01,585,207.9,25.0,5197.5,False
13,always_buy,,2024-12-08,585,207.9,25.0,5197.5,False
13,always_buy,,2024-12-15,585,202.9,25.0,5072.5,False
13,always_buy,,2024-12-22,585,199.9,25.0,4997.5,False
13,always_buy,,2024-12-29,585,199.9,25.0,4997.5,False
13,always_buy,,2025-01-05,585,195.9,25.0,4897.5,False
13,always_buy,,2025-01-12,585,184.9,25.0,4622.5,False
13,always_buy,,2024-10-20,261,161.9,25.0,4047.5,False
13,always_buy,,2024-10-27,261,161.9,25.0,4047.5,False
13,always_buy,,2024-11-03,261,204.9,25.0,5122.5,False
13,always_buy,,2024-11-10,261,180.5,25.0,4512.5,False
13,always_buy,,2024-11-17,261,171.9,25.0,4297.5,False
13,always_buy,,2024-11-24,261,163.5,25.0,4087.5,False
13,always_buy,,2024-12-01,261,207.9,25.0,5197.5,False
13,always_buy,,2024-12-08,261,196.7,25.0,4917.5,False
13,always_buy,,2024-12-15,261,195.9,25.0,4897.5,False
13,always_buy,,2024-12-22,261,191.7,25.0,4792.5,False
13,always_buy,,2024-12-29,261,185.9,25.0,4647.5,False
13,always_buy,,2025-01-05,261,181.9,25.0,4547.5,False
13,always_buy,,2025-01-12,261,178.9,25.0,4472.5,False
13,R0_54,0.25,2024-10-20,414,169.9,25.0,4247.5,False
13,R0_54,0.25,2024-11-03,414,203.9,25.0,5097.5,True
13,R0_54,0.25,2024-11-10,414,185.9,25.0,4647.5,True
13,R0_54,0.25,2024-11-17,414,177.9,25.0,4447.5,True
13,R0_54,0.25,2024-11-24,414,207.9,25.0,5197.5,True
13,R0_54,0.25,2024-12-01,414,205.9,25.0,5147.5,True
13,R0_54,0.25,2024-12-08,414,205.9,25.0,5147.5,True
13,R0_54,0.25,2024-12-15,414,199.9,25.0,4997.5,True
13,R0_54,0.25,2024-12-22,414,199.9,25.0,4997.5,True
13,R0_54,0.25,2024-12-29,414,193.9,25.0,4847.5,True
13,R0_54,0.25,2025-01-05,414,193.9,25.0,4847.5,True
13,R0_54,0.25,2025-01-12,414,187.9,50.0,9395.0,False
13,R0_54,0.25,2024-10-27,18517,207.9,25.0,5197.5,True
13,R0_54,0.25,2024-11-03,18517,207.9,25.0,5197.5,True
13,R0_54,0.25,2024-11-10,18517,187.9,25.0,4697.5,True
13,R0_54,0.25,2024-11-17,18517,184.9,25.0,4622.5,True
13,R0_54,0.25,2024-11-24,18517,207.9,25.0,5197.5,True
13,R0_54,0.25,2024-12-01,18517,207.9,25.0,5197.5,True
13,R0_54,0.25,2024-12-08,18517,207.9,25.0,5197.5,True
13,R0_54,0.25,2024-12-15,18517,207.9,25.0,5197.5,True
13,R0_54,0.25,2024-12-22,18517,203.9,25.0,5097.5,True
13,R0_54,0.25,2024-12-29,18517,195.9,25.0,4897.5,True
13,R0_54,0.25,2025-01-05,18517,195.9,25.0,4897.5,True
13,R0_54,0.25,2025-01-12,18517,188.9,50.0,9445.0,False
13,R0_54,0.25,2024-10-27,429,161.9,50.0,8095.0,False
13,R0_54,0.25,2024-11-10,429,179.9,25.0,4497.5,True
13,R0_54,0.25,2024-11-17,429,172.5,25.0,4312.5,True
13,R0_54,0.25,2024-11-24,429,171.7,50.0,8585.0,False
13,R0_54,0.25,2024-12-08,429,204.9,25.0,5122.5,True
13,R0_54,0.25,2024-12-15,429,201.9,25.0,5047.5,True
13,R0_54,0.25,2024-12-22,429,199.9,25.0,4997.5,True
13,R0_54,0.25,2024-12-29,429,195.9,25.0,4897.5,True
13,R0_54,0.25,2025-01-05,429,195.9,25.0,4897.5,True
13,R0_54,0.25,2025-01-12,429,184.9,50.0,9245.0,False
13,R0_54,0.25,2024-10-27,585,161.9,50.0,8095.0,False
13,R0_54,0.25,2024-11-10,585,179.9,25.0,4497.5,True
13,R0_54,0.25,2024-11-17,585,172.9,25.0,4322.5,True
13,R0_54,0.25,2024-11-24,585,207.9,25.0,5197.5,True
13,R0_54,0.25,2024-12-01,585,207.9,25.0,5197.5,True
13,R0_54,0.25,2024-12-08,585,207.9,25.0,5197.5,True
13,R0_54,0.25,2024-12-15,585,202.9,25.0,5072.5,True
13,R0_54,0.25,2024-12-22,585,199.9,25.0,4997.5,True
13,R0_54,0.25,2024-12-29,585,199.9,25.0,4997.5,True
13,R0_54,0.25,2025-01-05,585,195.9,25.0,4897.5,True
13,R0_54,0.25,2025-01-12,585,184.9,50.0,9245.0,False
13,R0_54,0.25,2024-10-20,261,161.9,25.0,4047.5,False
13,R0_54,0.25,2024-10-27,261,161.9,25.0,4047.5,False
13,R0_54,0.25,2024-11-10,261,180.5,25.0,4512.5,True
13,R0_54,0.25,2024-11-17,261,171.9,25.0,4297.5,True
13,R0_54,0.25,2024-11-24,261,163.5,50.0,8175.0,False
13,R0_54,0.25,2024-12-08,261,196.7,25.0,4917.5,True
13,R0_54,0.25,2024-12-15,261,195.9,25.0,4897.5,True
13,R0_54,0.25,2024-12-22,261,191.7,25.0,4792.5,True
13,R0_54,0.25,2024-12-29,261,185.9,25.0,4647.5,True
13,R0_54,0.25,2025-01-05,261,181.9,50.0,9095.0,False
13,R0_54,0.25,2025-01-12,261,178.9,25.0,4472.5,False
13,cand_54,0.25,2024-10-20,414,169.9,25.0,4247.5,False
13,cand_54,0.25,2024-11-03,414,203.9,25.0,5097.5,True
13,cand_54,0.25,2024-11-10,414,185.9,25.0,4647.5,True
13,cand_54,0.25,2024-11-17,414,177.9,25.0,4447.5,True
13,cand_54,0.25,2024-11-24,414,207.9,25.0,5197.5,True
13,cand_54,0.25,2024-12-01,414,205.9,25.0,5147.5,True
13,cand_54,0.25,2024-12-08,414,205.9,25.0,5147.5,True
13,cand_54,0.25,2024-12-15,414,199.9,25.0,4997.5,True
13,cand_54,0.25,2024-12-22,414,199.9,25.0,4997.5,True
13,cand_54,0.25,2024-12-29,414,193.9,25.0,4847.5,True
13,cand_54,0.25,2025-01-05,414,193.9,25.0,4847.5,True
13,cand_54,0.25,2025-01-12,414,187.9,25.0,4697.5,True
13,cand_54,0.25,2024-10-27,18517,207.9,25.0,5197.5,True
13,cand_54,0.25,2024-11-03,18517,207.9,25.0,5197.5,True
13,cand_54,0.25,2024-11-10,18517,187.9,25.0,4697.5,True
13,cand_54,0.25,2024-11-17,18517,184.9,25.0,4622.5,True
13,cand_54,0.25,2024-11-24,18517,207.9,25.0,5197.5,True
13,cand_54,0.25,2024-12-01,18517,207.9,25.0,5197.5,True
13,cand_54,0.25,2024-12-08,18517,207.9,25.0,5197.5,True
13,cand_54,0.25,2024-12-15,18517,207.9,25.0,5197.5,True
13,cand_54,0.25,2024-12-22,18517,203.9,25.0,5097.5,True
13,cand_54,0.25,2024-12-29,18517,195.9,25.0,4897.5,True
13,cand_54,0.25,2025-01-05,18517,195.9,50.0,9795.0,False
13,cand_54,0.25,2025-01-12,18517,188.9,25.0,4722.5,False
13,cand_54,0.25,2024-10-27,429,161.9,50.0,8095.0,False
13,cand_54,0.25,2024-11-10,429,179.9,25.0,4497.5,True
13,cand_54,0.25,2024-11-17,429,172.5,25.0,4312.5,True
13,cand_54,0.25,2024-11-24,429,171.7,50.0,8585.0,False
13,cand_54,0.25,2024-12-08,429,204.9,25.0,5122.5,True
13,cand_54,0.25,2024-12-15,429,201.9,25.0,5047.5,True
13,cand_54,0.25,2024-12-22,429,199.9,25.0,4997.5,True
13,cand_54,0.25,2024-12-29,429,195.9,25.0,4897.5,True
13,cand_54,0.25,2025-01-05,429,195.9,25.0,4897.5,True
13,cand_54,0.25,2025-01-12,429,184.9,50.0,9245.0,False
13,cand_54,0.25,2024-10-27,585,161.9,50.0,8095.0,False
13,cand_54,0.25,2024-11-10,585,179.9,25.0,4497.5,True
13,cand_54,0.25,2024-11-17,585,172.9,25.0,4322.5,True
13,cand_54,0.25,2024-11-24,585,207.9,25.0,5197.5,True
13,cand_54,0.25,2024-12-01,585,207.9,25.0,5197.5,True
13,cand_54,0.25,2024-12-08,585,207.9,25.0,5197.5,True
13,cand_54,0.25,2024-12-15,585,202.9,25.0,5072.5,True
13,cand_54,0.25,2024-12-22,585,199.9,25.0,4997.5,True
13,cand_54,0.25,2024-12-29,585,199.9,25.0,4997.5,True
13,cand_54,0.25,2025-01-05,585,195.9,25.0,4897.5,True
13,cand_54,0.25,2025-01-12,585,184.9,50.0,9245.0,False
13,cand_54,0.25,2024-10-20,261,161.9,25.0,4047.5,False
13,cand_54,0.25,2024-10-27,261,161.9,25.0,4047.5,False
13,cand_54,0.25,2024-11-10,261,180.5,25.0,4512.5,True
13,cand_54,0.25,2024-11-17,261,171.9,25.0,4297.5,True
13,cand_54,0.25,2024-11-24,261,163.5,50.0,8175.0,False
13,cand_54,0.25,2024-12-08,261,196.7,25.0,4917.5,True
13,cand_54,0.25,2024-12-15,261,195.9,25.0,4897.5,True
13,cand_54,0.25,2024-12-22,261,191.7,25.0,4792.5,True
13,cand_54,0.25,2024-12-29,261,185.9,25.0,4647.5,True
13,cand_54,0.25,2025-01-05,261,181.9,50.0,9095.0,False
13,cand_54,0.25,2025-01-12,261,178.9,25.0,4472.5,False
13,R0_64,0.25,2024-10-20,414,169.9,25.0,4247.5,False
13,R0_64,0.25,2024-11-03,414,203.9,25.0,5097.5,True
13,R0_64,0.25,2024-11-10,414,185.9,25.0,4647.5,True
13,R0_64,0.25,2024-11-17,414,177.9,25.0,4447.5,True
13,R0_64,0.25,2024-11-24,414,207.9,25.0,5197.5,True
13,R0_64,0.25,2024-12-01,414,205.9,25.0,5147.5,True
13,R0_64,0.25,2024-12-08,414,205.9,25.0,5147.5,True
13,R0_64,0.25,2024-12-15,414,199.9,25.0,4997.5,True
13,R0_64,0.25,2024-12-22,414,199.9,25.0,4997.5,True
13,R0_64,0.25,2024-12-29,414,193.9,25.0,4847.5,True
13,R0_64,0.25,2025-01-05,414,193.9,25.0,4847.5,True
13,R0_64,0.25,2025-01-12,414,187.9,50.0,9395.0,False
13,R0_64,0.25,2024-10-20,18517,174.9,25.0,4372.5,False
13,R0_64,0.25,2024-11-03,18517,207.9,25.0,5197.5,True
13,R0_64,0.25,2024-11-10,18517,187.9,25.0,4697.5,True
13,R0_64,0.25,2024-11-17,18517,184.9,25.0,4622.5,True
13,R0_64,0.25,2024-11-24,18517,207.9,25.0,5197.5,True
13,R0_64,0.25,2024-12-01,18517,207.9,25.0,5197.5,True
13,R0_64,0.25,2024-12-08,18517,207.9,25.0,5197.5,True
13,R0_64,0.25,2024-12-15,18517,207.9,25.0,5197.5,True
13,R0_64,0.25,2024-12-22,18517,203.9,25.0,5097.5,True
13,R0_64,0.25,2024-12-29,18517,195.9,25.0,4897.5,True
13,R0_64,0.25,2025-01-05,18517,195.9,25.0,4897.5,True
13,R0_64,0.25,2025-01-12,18517,188.9,50.0,9445.0,False
13,R0_64,0.25,2024-10-27,429,161.9,50.0,8095.0,False
13,R0_64,0.25,2024-11-10,429,179.9,25.0,4497.5,True
13,R0_64,0.25,2024-11-17,429,172.5,25.0,4312.5,True
13,R0_64,0.25,2024-11-24,429,171.7,50.0,8585.0,False
13,R0_64,0.25,2024-12-08,429,204.9,25.0,5122.5,True
13,R0_64,0.25,2024-12-15,429,201.9,25.0,5047.5,True
13,R0_64,0.25,2024-12-22,429,199.9,25.0,4997.5,True
13,R0_64,0.25,2024-12-29,429,195.9,25.0,4897.5,True
13,R0_64,0.25,2025-01-05,429,195.9,25.0,4897.5,True
13,R0_64,0.25,2025-01-12,429,184.9,50.0,9245.0,False
13,R0_64,0.25,2024-10-27,585,161.9,50.0,8095.0,False
13,R0_64,0.25,2024-11-10,585,179.9,25.0,4497.5,True
13,R0_64,0.25,2024-11-17,585,172.9,25.0,4322.5,True
13,R0_64,0.25,2024-11-24,585,207.9,25.0,5197.5,True
13,R0_64,0.25,2024-12-01,585,207.9,25.0,5197.5,True
13,R0_64,0.25,2024-12-08,585,207.9,25.0,5197.5,True
13,R0_64,0.25,2024-12-15,585,202.9,25.0,5072.5,True
13,R0_64,0.25,2024-12-22,585,199.9,25.0,4997.5,True
13,R0_64,0.25,2024-12-29,585,199.9,25.0,4997.5,True
13,R0_64,0.25,2025-01-05,585,195.9,50.0,9795.0,False
13,R0_64,0.25,2025-01-12,585,184.9,25.0,4622.5,False
13,R0_64,0.25,2024-10-20,261,161.9,25.0,4047.5,False
13,R0_64,0.25,2024-10-27,261,161.9,25.0,4047.5,False
13,R0_64,0.25,2024-11-10,261,180.5,25.0,4512.5,True
13,R0_64,0.25,2024-11-17,261,171.9,25.0,4297.5,True
13,R0_64,0.25,2024-11-24,261,163.5,50.0,8175.0,False
13,R0_64,0.25,2024-12-08,261,196.7,25.0,4917.5,True
13,R0_64,0.25,2024-12-15,261,195.9,25.0,4897.5,True
13,R0_64,0.25,2024-12-22,261,191.7,25.0,4792.5,True
13,R0_64,0.25,2024-12-29,261,185.9,25.0,4647.5,True
13,R0_64,0.25,2025-01-05,261,181.9,50.0,9095.0,False
13,R0_64,0.25,2025-01-12,261,178.9,25.0,4472.5,False
14,always_buy,,2025-01-18,414,171.9,25.0,4297.5,False
14,always_buy,,2025-01-25,414,213.9,25.0,5347.5,False
14,always_buy,,2025-02-01,414,213.9,25.0,5347.5,False
14,always_buy,,2025-02-08,414,192.9,25.0,4822.5,False
14,always_buy,,2025-02-15,414,181.9,25.0,4547.5,False
14,always_buy,,2025-02-22,414,177.9,25.0,4447.5,False
14,always_buy,,2025-03-01,414,171.9,25.0,4297.5,False
14,always_buy,,2025-03-08,414,212.9,25.0,5322.5,False
14,always_buy,,2025-03-15,414,206.9,25.0,5172.5,False
14,always_buy,,2025-03-22,414,194.9,25.0,4872.5,False
14,always_buy,,2025-03-29,414,189.9,25.0,4747.5,False
14,always_buy,,2025-04-05,414,182.9,25.0,4572.5,False
14,always_buy,,2025-04-12,414,169.9,25.0,4247.5,False
14,always_buy,,2025-01-18,18517,213.9,25.0,5347.5,False
14,always_buy,,2025-01-25,18517,213.9,25.0,5347.5,False
14,always_buy,,2025-02-01,18517,213.9,25.0,5347.5,False
14,always_buy,,2025-02-08,18517,199.9,25.0,4997.5,False
14,always_buy,,2025-02-15,18517,189.9,25.0,4747.5,False
14,always_buy,,2025-02-22,18517,179.9,25.0,4497.5,False
14,always_buy,,2025-03-01,18517,212.9,25.0,5322.5,False
14,always_buy,,2025-03-08,18517,212.9,25.0,5322.5,False
14,always_buy,,2025-03-15,18517,212.9,25.0,5322.5,False
14,always_buy,,2025-03-22,18517,193.9,25.0,4847.5,False
14,always_buy,,2025-03-29,18517,193.9,25.0,4847.5,False
14,always_buy,,2025-04-05,18517,185.9,25.0,4647.5,False
14,always_buy,,2025-04-12,18517,207.9,25.0,5197.5,False
14,always_buy,,2025-01-18,429,176.9,25.0,4422.5,False
14,always_buy,,2025-01-25,429,212.9,25.0,5322.5,False
14,always_buy,,2025-02-01,429,212.9,25.0,5322.5,False
14,always_buy,,2025-02-08,429,199.9,25.0,4997.5,False
14,always_buy,,2025-02-15,429,187.9,25.0,4697.5,False
14,always_buy,,2025-02-22,429,177.9,25.0,4447.5,False
14,always_buy,,2025-03-01,429,175.5,25.0,4387.5,False
14,always_buy,,2025-03-08,429,212.5,25.0,5312.5,False
14,always_buy,,2025-03-15,429,212.5,25.0,5312.5,False
14,always_buy,,2025-03-22,429,197.9,25.0,4947.5,False
14,always_buy,,2025-03-29,429,193.9,25.0,4847.5,False
14,always_buy,,2025-04-05,429,184.9,25.0,4622.5,False
14,always_buy,,2025-04-12,429,172.9,25.0,4322.5,False
14,always_buy,,2025-01-18,585,213.9,25.0,5347.5,False
14,always_buy,,2025-01-25,585,213.9,25.0,5347.5,False
14,always_buy,,2025-02-01,585,213.9,25.0,5347.5,False
14,always_buy,,2025-02-08,585,199.9,25.0,4997.5,False
14,always_buy,,2025-02-15,585,195.9,25.0,4897.5,False
14,always_buy,,2025-02-22,585,177.9,25.0,4447.5,False
14,always_buy,,2025-03-01,585,175.9,25.0,4397.5,False
14,always_buy,,2025-03-08,585,212.9,25.0,5322.5,False
14,always_buy,,2025-03-15,585,212.9,25.0,5322.5,False
14,always_buy,,2025-03-22,585,202.9,25.0,5072.5,False
14,always_buy,,2025-03-29,585,197.9,25.0,4947.5,False
14,always_buy,,2025-04-05,585,184.9,25.0,4622.5,False
14,always_buy,,2025-04-12,585,181.9,25.0,4547.5,False
14,always_buy,,2025-01-18,261,176.5,25.0,4412.5,False
14,always_buy,,2025-01-25,261,176.5,25.0,4412.5,False
14,always_buy,,2025-02-01,261,213.9,25.0,5347.5,False
14,always_buy,,2025-02-08,261,199.9,25.0,4997.5,False
14,always_buy,,2025-02-15,261,185.5,25.0,4637.5,False
14,always_buy,,2025-02-22,261,177.9,25.0,4447.5,False
14,always_buy,,2025-03-01,261,175.9,25.0,4397.5,False
14,always_buy,,2025-03-08,261,212.9,25.0,5322.5,False
14,always_buy,,2025-03-15,261,212.9,25.0,5322.5,False
14,always_buy,,2025-03-22,261,200.5,25.0,5012.5,False
14,always_buy,,2025-03-29,261,192.9,25.0,4822.5,False
14,always_buy,,2025-04-05,261,183.9,25.0,4597.5,False
14,always_buy,,2025-04-12,261,181.9,25.0,4547.5,False
14,R0_54,0.25,2025-01-18,414,171.9,25.0,4297.5,False
14,R0_54,0.25,2025-02-01,414,213.9,25.0,5347.5,True
14,R0_54,0.25,2025-02-08,414,192.9,25.0,4822.5,True
14,R0_54,0.25,2025-02-15,414,181.9,25.0,4547.5,True
14,R0_54,0.25,2025-02-22,414,177.9,50.0,8895.0,False
14,R0_54,0.25,2025-03-01,414,171.9,25.0,4297.5,False
14,R0_54,0.25,2025-03-15,414,206.9,25.0,5172.5,True
14,R0_54,0.25,2025-03-22,414,194.9,25.0,4872.5,True
14,R0_54,0.25,2025-03-29,414,189.9,25.0,4747.5,True
14,R0_54,0.25,2025-04-05,414,182.9,25.0,4572.5,True
14,R0_54,0.25,2025-04-12,414,169.9,50.0,8495.0,False
14,R0_54,0.25,2025-01-25,18517,213.9,25.0,5347.5,True
14,R0_54,0.25,2025-02-01,18517,213.9,25.0,5347.5,True
14,R0_54,0.25,2025-02-08,18517,199.9,25.0,4997.5,True
14,R0_54,0.25,2025-02-15,18517,189.9,25.0,4747.5,True
14,R0_54,0.25,2025-02-22,18517,179.9,50.0,8995.0,False
14,R0_54,0.25,2025-03-08,18517,212.9,25.0,5322.5,True
14,R0_54,0.25,2025-03-15,18517,212.9,25.0,5322.5,True
14,R0_54,0.25,2025-03-22,18517,193.9,25.0,4847.5,True
14,R0_54,0.25,2025-03-29,18517,193.9,25.0,4847.5,True
14,R0_54,0.25,2025-04-05,18517,185.9,25.0,4647.5,True
14,R0_54,0.25,2025-04-12,18517,207.9,25.0,5197.5,True
14,R0_54,0.25,2025-01-18,429,176.9,25.0,4422.5,False
14,R0_54,0.25,2025-02-01,429,212.9,25.0,5322.5,True
14,R0_54,0.25,2025-02-08,429,199.9,25.0,4997.5,True
14,R0_54,0.25,2025-02-15,429,187.9,25.0,4697.5,True
14,R0_54,0.25,2025-02-22,429,177.9,50.0,8895.0,False
14,R0_54,0.25,2025-03-01,429,175.5,25.0,4387.5,False
14,R0_54,0.25,2025-03-15,429,212.5,25.0,5312.5,True
14,R0_54,0.25,2025-03-22,429,197.9,25.0,4947.5,True
14,R0_54,0.25,2025-03-29,429,193.9,25.0,4847.5,True
14,R0_54,0.25,2025-04-05,429,184.9,25.0,4622.5,True
14,R0_54,0.25,2025-04-12,429,172.9,50.0,8645.0,False
14,R0_54,0.25,2025-01-25,585,213.9,25.0,5347.5,True
14,R0_54,0.25,2025-02-01,585,213.9,25.0,5347.5,True
14,R0_54,0.25,2025-02-08,585,199.9,25.0,4997.5,True
14,R0_54,0.25,2025-02-15,585,195.9,25.0,4897.5,True
14,R0_54,0.25,2025-02-22,585,177.9,50.0,8895.0,False
14,R0_54,0.25,2025-03-01,585,175.9,25.0,4397.5,False
14,R0_54,0.25,2025-03-15,585,212.9,25.0,5322.5,True
14,R0_54,0.25,2025-03-22,585,202.9,25.0,5072.5,True
14,R0_54,0.25,2025-03-29,585,197.9,25.0,4947.5,True
14,R0_54,0.25,2025-04-05,585,184.9,25.0,4622.5,True
14,R0_54,0.25,2025-04-12,585,181.9,50.0,9095.0,False
14,R0_54,0.25,2025-01-18,261,176.5,25.0,4412.5,False
14,R0_54,0.25,2025-01-25,261,176.5,25.0,4412.5,False
14,R0_54,0.25,2025-02-08,261,199.9,25.0,4997.5,True
14,R0_54,0.25,2025-02-15,261,185.5,25.0,4637.5,True
14,R0_54,0.25,2025-02-22,261,177.9,50.0,8895.0,False
14,R0_54,0.25,2025-03-01,261,175.9,25.0,4397.5,False
14,R0_54,0.25,2025-03-15,261,212.9,25.0,5322.5,True
14,R0_54,0.25,2025-03-22,261,200.5,25.0,5012.5,True
14,R0_54,0.25,2025-03-29,261,192.9,25.0,4822.5,True
14,R0_54,0.25,2025-04-05,261,183.9,25.0,4597.5,True
14,R0_54,0.25,2025-04-12,261,181.9,50.0,9095.0,False
14,cand_54,0.25,2025-01-18,414,171.9,25.0,4297.5,False
14,cand_54,0.25,2025-02-01,414,213.9,25.0,5347.5,True
14,cand_54,0.25,2025-02-08,414,192.9,25.0,4822.5,True
14,cand_54,0.25,2025-02-15,414,181.9,25.0,4547.5,True
14,cand_54,0.25,2025-02-22,414,177.9,50.0,8895.0,False
14,cand_54,0.25,2025-03-01,414,171.9,25.0,4297.5,False
14,cand_54,0.25,2025-03-15,414,206.9,25.0,5172.5,True
14,cand_54,0.25,2025-03-22,414,194.9,25.0,4872.5,True
14,cand_54,0.25,2025-03-29,414,189.9,25.0,4747.5,True
14,cand_54,0.25,2025-04-05,414,182.9,50.0,9145.0,False
14,cand_54,0.25,2025-04-12,414,169.9,25.0,4247.5,False
14,cand_54,0.25,2025-01-25,18517,213.9,25.0,5347.5,True
14,cand_54,0.25,2025-02-01,18517,213.9,25.0,5347.5,True
14,cand_54,0.25,2025-02-08,18517,199.9,25.0,4997.5,True
14,cand_54,0.25,2025-02-15,18517,189.9,25.0,4747.5,True
14,cand_54,0.25,2025-02-22,18517,179.9,50.0,8995.0,False
14,cand_54,0.25,2025-03-08,18517,212.9,25.0,5322.5,True
14,cand_54,0.25,2025-03-15,18517,212.9,25.0,5322.5,True
14,cand_54,0.25,2025-03-22,18517,193.9,25.0,4847.5,True
14,cand_54,0.25,2025-03-29,18517,193.9,25.0,4847.5,True
14,cand_54,0.25,2025-04-05,18517,185.9,50.0,9295.0,False
14,cand_54,0.25,2025-01-18,429,176.9,25.0,4422.5,False
14,cand_54,0.25,2025-02-01,429,212.9,25.0,5322.5,True
14,cand_54,0.25,2025-02-08,429,199.9,25.0,4997.5,True
14,cand_54,0.25,2025-02-15,429,187.9,25.0,4697.5,True
14,cand_54,0.25,2025-02-22,429,177.9,50.0,8895.0,False
14,cand_54,0.25,2025-03-01,429,175.5,25.0,4387.5,False
14,cand_54,0.25,2025-03-15,429,212.5,25.0,5312.5,True
14,cand_54,0.25,2025-03-22,429,197.9,25.0,4947.5,True
14,cand_54,0.25,2025-03-29,429,193.9,25.0,4847.5,True
14,cand_54,0.25,2025-04-05,429,184.9,50.0,9245.0,False
14,cand_54,0.25,2025-04-12,429,172.9,25.0,4322.5,False
14,cand_54,0.25,2025-01-25,585,213.9,25.0,5347.5,True
14,cand_54,0.25,2025-02-01,585,213.9,25.0,5347.5,True
14,cand_54,0.25,2025-02-08,585,199.9,25.0,4997.5,True
14,cand_54,0.25,2025-02-15,585,195.9,25.0,4897.5,True
14,cand_54,0.25,2025-02-22,585,177.9,50.0,8895.0,False
14,cand_54,0.25,2025-03-01,585,175.9,25.0,4397.5,False
14,cand_54,0.25,2025-03-15,585,212.9,25.0,5322.5,True
14,cand_54,0.25,2025-03-22,585,202.9,25.0,5072.5,True
14,cand_54,0.25,2025-03-29,585,197.9,25.0,4947.5,True
14,cand_54,0.25,2025-04-05,585,184.9,50.0,9245.0,False
14,cand_54,0.25,2025-04-12,585,181.9,25.0,4547.5,False
14,cand_54,0.25,2025-01-18,261,176.5,25.0,4412.5,False
14,cand_54,0.25,2025-01-25,261,176.5,25.0,4412.5,False
14,cand_54,0.25,2025-02-08,261,199.9,25.0,4997.5,True
14,cand_54,0.25,2025-02-15,261,185.5,25.0,4637.5,True
14,cand_54,0.25,2025-02-22,261,177.9,50.0,8895.0,False
14,cand_54,0.25,2025-03-01,261,175.9,25.0,4397.5,False
14,cand_54,0.25,2025-03-15,261,212.9,25.0,5322.5,True
14,cand_54,0.25,2025-03-22,261,200.5,25.0,5012.5,True
14,cand_54,0.25,2025-03-29,261,192.9,25.0,4822.5,True
14,cand_54,0.25,2025-04-05,261,183.9,50.0,9195.0,False
14,cand_54,0.25,2025-04-12,261,181.9,25.0,4547.5,False
14,R0_64,0.25,2025-01-18,414,171.9,25.0,4297.5,False
14,R0_64,0.25,2025-02-01,414,213.9,25.0,5347.5,True
14,R0_64,0.25,2025-02-08,414,192.9,25.0,4822.5,True
14,R0_64,0.25,2025-02-15,414,181.9,25.0,4547.5,True
14,R0_64,0.25,2025-02-22,414,177.9,50.0,8895.0,False
14,R0_64,0.25,2025-03-01,414,171.9,25.0,4297.5,False
14,R0_64,0.25,2025-03-15,414,206.9,25.0,5172.5,True
14,R0_64,0.25,2025-03-22,414,194.9,25.0,4872.5,True
14,R0_64,0.25,2025-03-29,414,189.9,25.0,4747.5,True
14,R0_64,0.25,2025-04-05,414,182.9,25.0,4572.5,True
14,R0_64,0.25,2025-04-12,414,169.9,50.0,8495.0,False
14,R0_64,0.25,2025-01-25,18517,213.9,25.0,5347.5,True
14,R0_64,0.25,2025-02-01,18517,213.9,25.0,5347.5,True
14,R0_64,0.25,2025-02-08,18517,199.9,25.0,4997.5,True
14,R0_64,0.25,2025-02-15,18517,189.9,25.0,4747.5,True
14,R0_64,0.25,2025-02-22,18517,179.9,50.0,8995.0,False
14,R0_64,0.25,2025-03-08,18517,212.9,25.0,5322.5,True
14,R0_64,0.25,2025-03-15,18517,212.9,25.0,5322.5,True
14,R0_64,0.25,2025-03-22,18517,193.9,25.0,4847.5,True
14,R0_64,0.25,2025-03-29,18517,193.9,25.0,4847.5,True
14,R0_64,0.25,2025-04-05,18517,185.9,25.0,4647.5,True
14,R0_64,0.25,2025-04-12,18517,207.9,25.0,5197.5,True
14,R0_64,0.25,2025-01-18,429,176.9,25.0,4422.5,False
14,R0_64,0.25,2025-02-01,429,212.9,25.0,5322.5,True
14,R0_64,0.25,2025-02-08,429,199.9,25.0,4997.5,True
14,R0_64,0.25,2025-02-15,429,187.9,25.0,4697.5,True
14,R0_64,0.25,2025-02-22,429,177.9,50.0,8895.0,False
14,R0_64,0.25,2025-03-01,429,175.5,25.0,4387.5,False
14,R0_64,0.25,2025-03-15,429,212.5,25.0,5312.5,True
14,R0_64,0.25,2025-03-22,429,197.9,25.0,4947.5,True
14,R0_64,0.25,2025-03-29,429,193.9,25.0,4847.5,True
14,R0_64,0.25,2025-04-05,429,184.9,25.0,4622.5,True
14,R0_64,0.25,2025-04-12,429,172.9,50.0,8645.0,False
14,R0_64,0.25,2025-01-25,585,213.9,25.0,5347.5,True
14,R0_64,0.25,2025-02-01,585,213.9,25.0,5347.5,True
14,R0_64,0.25,2025-02-08,585,199.9,25.0,4997.5,True
14,R0_64,0.25,2025-02-15,585,195.9,25.0,4897.5,True
14,R0_64,0.25,2025-02-22,585,177.9,50.0,8895.0,False
14,R0_64,0.25,2025-03-01,585,175.9,25.0,4397.5,False
14,R0_64,0.25,2025-03-15,585,212.9,25.0,5322.5,True
14,R0_64,0.25,2025-03-22,585,202.9,25.0,5072.5,True
14,R0_64,0.25,2025-03-29,585,197.9,25.0,4947.5,True
14,R0_64,0.25,2025-04-05,585,184.9,25.0,4622.5,True
14,R0_64,0.25,2025-04-12,585,181.9,50.0,9095.0,False
14,R0_64,0.25,2025-01-18,261,176.5,25.0,4412.5,False
14,R0_64,0.25,2025-01-25,261,176.5,25.0,4412.5,False
14,R0_64,0.25,2025-02-08,261,199.9,25.0,4997.5,True
14,R0_64,0.25,2025-02-15,261,185.5,25.0,4637.5,True
14,R0_64,0.25,2025-02-22,261,177.9,50.0,8895.0,False
14,R0_64,0.25,2025-03-01,261,175.9,25.0,4397.5,False
14,R0_64,0.25,2025-03-15,261,212.9,25.0,5322.5,True
14,R0_64,0.25,2025-03-22,261,200.5,25.0,5012.5,True
14,R0_64,0.25,2025-03-29,261,192.9,25.0,4822.5,True
14,R0_64,0.25,2025-04-05,261,183.9,25.0,4597.5,True
14,R0_64,0.25,2025-04-12,261,181.9,50.0,9095.0,False
